,number,target,crease,shadow,shadow_and_crease
1,1,"Lorem lpsum

* ""Neque porro quisquam est qui dolorem ipsum quia dolor sit amet, consectetur, adipisci velit...""

“There is no one who loves pain itself, who seeks after it and wants to have it, simply because it is pain...""

Lorem ipsum dolor sit amet, consectetur adipiscing elit. Pellentesque laoreet purus nibh, sit
amet accumsan tellus consequat sed. Vestibulum semper est ligula, vel suscipit nisl luctus
non. Nunc finibus magna eget sem ultrices posuere. Fusce egestas ante vitae risus
posuere scelerisque. Quisque eu elit faucibus, dignissim massa ac, ultricies metus.
Praesent eu porta risus. Vivamus vulputate velit ac ligula suscipit tincidunt eget sed augue.
Donec sit amet varius mauris. Morbi tincidunt enim at eros consequat maximus sit amet id
ligula. Vestibulum a mauris ex.

Lorem ipsum dolor sit amet, consectetur adipiscing elit. Etiam ex lacus, egestas id tortor
sed, euismod vehicula ipsum. Phasellus non_ laoreet urna, nec dignissim enim.
Pellentesque vel nunc lobortis, imperdiet ligula sed, aliquet mauris. Aenean euismod enim
id enim lobortis maximus. Ut elementum lectus eget nisl ultrices, ut congue odio
vestibulum. Curabitur mauris nibh, lobortis quis lectus nec, tincidunt euismod lectus.
Praesent a turpis ac ex semper tincidunt. Vestibulum venenatis at enim eget consequat.
Aenean pharetra, orci a ullamcorper vehicula, eros lacus fermentum neque, non hendrerit
metus nisi eu sem. Vivamus nibh ex, condimentum ut magna id, venenatis sollicitudin nibh.
Ut dapibus fringilla tortor ut porta. Suspendisse tincidunt sapien id lacus interdum semper.
Aenean purus metus, faucibus eget mauris sed, varius tristique arcu.

Vestibulum ante ipsum primis in faucibus orci luctus et ultrices posuere cubilia curae;
Maecenas vel lectus laoreet, auctor est in, consequat risus. Vestibulum sit amet dapibus
erat. Suspendisse quis sem euismod, sodales arcu id, tempor sem. Vestibulum ante ipsum
primis in faucibus orci luctus et ultrices posuere cubilia curae; Interdum et malesuada
fames ac ante ipsum primis in faucibus. Vivamus pretium gravida velit, non egestas purus.

Morbi porttitor, metus quis tempus pretium, leo augue vehicula est, vel cursus orci dui a
gna. Quisque in ex lacus.

","Lorem Ipsum

“Neque porro quisquam est qui dolorem ipsum quia dolor sit amet, consectetur, adipisci velit...""

“There is no one who loves pain itself, who seeks after it and wants to have it, simply because it is pain...""

Lorem ipsum dolor sit amet, consectetur adipiscing elit. Pellentesque laoreet purus nibh, sit
amet accumsan tellus consequat sed. Vestibulum semper est ligula, vel suscipit nis! luctus
non. Nunc finibus magna eget sem ultrices posuere. Fusce egestas ante vitae risus
posuere scelerisque. Quisque eu elit faucibus, dignissim massa ac, ultricies metus.
Praesent eu porta risus. Vivamus vulputate velit ac ligula suscipit tincidunt eget sed augue.
Donec sit amet varius mauris. Morbi tincidunt enim at eros consequat maximus sit amet id
ligula. Vestibulum a mauris ex.

Lorem ipsum dolor sit amet, consectetur adipiscing elit. Etiam ex lacus, egestas id tortor
sed, euismod vehicula ipsum. Phasellus non laoreet urna, nec dignissim enim.
Pellentesque vel nunc lobortis, imperdiet ligula sed, aliquet mauris. Aenean euismod enim
id enim lobortis maximus. Ut elementum lectus eget nis! ultrices, ut congue odio
vestibulum. Curabitur mauris nibh, lobortis quis lectus nec, tincidunt euismod lectus.
Praesent a turpis ac ex semper tincidunt. Vestibulum venenatis at enim eget consequat.
Aenean pharetra, orci a ullamcorper vehicula, eros lacus fermentum neque, non hendrerit
metus nisi eu sem. Vivamus nibh ex, condimentum ut magna id, venenatis sollicitudin nibh.
Ut dapibus fringilla tortor ut porta. Suspendisse tincidunt sapien id lacus interdum semper.
Aenean purus metus, faucibus eget mauris sed, varius tristique arcu.

Vestibulum ante ipsum primis in faucibus orci luctus et ultrices posuere cubilia curae;
Maecenas vel lectus laoreet, auctor est in, consequat risus. Vestibulum sit amet dapibus
erat. Suspendisse quis sem euismod, sodales arcu id, tempor sem. Vestibulum ante ipsum
primis in faucibus orci luctus et ultrices posuere cubilia curae; Interdum et malesuada
fames ac ante ipsum primis in faucibus. Vivamus pretium gravida velit, non egestas purus.
Morbi porttitor, metus quis tempus pretium, leo augue vehicula est, vel cursus orci dui a
magna. Quisque in ex lacus.

Nam sollicitudin congue ipsum. Proin sed tortor ipsum. Nullam aliquet ultricies porta.
Aliquam laoreet rutrum rhoncus. Cras lectus purus, semper ac gravida in, tempus vitae
ipsum. Nullam quis felis eget purus ultrices fringilla et id metus. Pellentesque id dui rutrum,
eleifend dolor at, iaculis arcu. Nulla ut pellentesque risus. Vestibulum at varius mi.
Phasellus suscipit maximus vestibulum. Nunc finibus blandit tristique. Duis vestibulum
ipsum sed mauris lacinia, a mattis nunc vestibulum.
","orem Ipsum

“Neque porro quisquam est qui dolorem ipsum quia dolor sit amet, consectetur, adipisci velit...""

“There is No one who loves pain itself, who seeks after it and wants to have it, simply because it is pain...""

psum dolor sit amet, consectetur adipiscing elit. Pellentesque laoreet purus nibh, sit
imsan tellus consequat sed. Vestibulum semper est ligula, vel suscipit nisl luctus
finibus magna eget sem ultrices posuere. Fusce egestas ante vitae risus
Scelerisque. Quisque eu elit faucibus, dignissim massa ac, ultricies metus.
porta risus. Vivamus vulputate velit ac ligula suscipit tincidunt eget sed augue.
et varius mauris. Morbi tincidunt enim at eros consequat maximus sit amet id
ulum a mauris ex.

r sit amet, consectetur adipiscing elit. Etiam ex lacus, egestas id tortor
shicula ipsum. Phasellus non laoreet urna, nec dignissim enim.
lobortis, imperdiet ligula sed, aliquet mauris. Aenean euismod enim
mus. Ut elementum lectus eget nisl ultrices, ut congue odio
mauris nibh, lobortis quis lectus nec, tincidunt euismod lectus.
X semper tincidunt. Vestibulum venenatis at enim eget consequat.
ullamcorper vehicula, eros lacus fermentum neque, non hendrerit
amus nibh ex, condimentum ut magna id, venenatis sollicitudin nibh.
yr ut porta. Suspendisse tincidunt sapien id lacus interdum semper.
iucibus eget mauris sed, varius tristique arcu.

i

primis in faucibus orci luctus et ultrices posuere cubilia curae;
reet, auctor est in, consequat risus. Vestibulum sit amet dapibus
m euismod, sodales arcu id, tempor sem. Vestibulum ante ipsum
luctus et ultrices posuere cubilia curae; Interdum et malesuada
s in faucibus. Vivamus pretium gravida velit, non egestas purus.
: empus pretium, leo augue vehicula est, vel cursus orci dui a

. Proin sed tortor ipsum. Nullam aliquet ultricies porta.
s. Cras lectus purus, semper ac gravida in, tempus vitae
trices fringilla et id metus. Pellentesque id dui rutru
1 ut pellentesque risus. Vestibulum at vari
lum. Nunc finibus blandit tristique. Duis”

c vestibulum.
","i dolorem ipsum quia dolor sit amet, consectetur, adipisci velit...""

ain itself, who seeks after it and wants to have it, simply because it is pain...""

t, consectetur adipiscing elit. Pellentesque laoreet purus nibh, sit
Nsequat sed. Vestibulum semper est ligula, vel suscipit nisl luctus
a eget sem ultrices posuere. Fusce egestas ante vitae risus
uisque eu elit faucibus, dignissim massa ac, ultricies metus.
Vivamus vulputate velit ac ligula suscipit tincidunt eget sed augue.

olor sit amet, consectetur adipiscing elit. Etiam ex lacus, egestas id tortor
vehicula ipsum. Phasellus non laoreet urna, nec dignissim enim.

dlum. Curabitur mauris nibh, lobortis quis lectus nec, tincidunt euismod lectus.
ent a turpis ac ex semper tincidunt. Vestibulum venenatis at enim eget consequat.
n pharetra, orci a ullamcorper vehicula, eros lacus fermentum neque, non hendrerit
nisi eu sem. Vivamus nibh ex, condimentum ut magna id, venenatis sollicitudin nibh.
pibus fringilla tortor ut porta. Suspendisse tincidunt sapien id lacus interdum semper.
n purus metus, faucibus eget mauris sed, varius tristique arcu.

ulum ante ipsum primis in faucibus orci luctus et ultrices posuere cubilia curae;
nas vel lectus laoreet, auctor est in, consequat risus. Vestibulum sit amet dapibus
spendisse quis sem euismod, sodales arcu id, tempor sem. Vestibulum ante ipsum
‘aucibus orci luctus et ultrices posuere cubilia curae; Interdum et malesuada
nte ipsum primis in faucibus. Vivamus pretium gravida velit, non egestas purus.
fitor, metus quis tempus pretium, leo augue vehicula est, vel cursus orci dui a
ue in ex lacus.

congue ipsum. Proin sed tortor ipsum. Nullam aliquet ultricies porta.
rutrum rhoncus. Cras lectus purus, semper ac gravida in, tempus vitae
quis felis eget purus ultrices fringilla et id metus. Pellentesque id dui rutrum,
at, iaculis arcu. Nulla ut pellentesque risus. Vestibulum at varius mi.
scipit maximus vestibulum. Nunc finibus blandit tristique. Duis vestibulum
ris lacinia, a mattis nunc vestibulum.
"
2,2,"Cras quis lorem vel justo sodales iaculis. M
accumsan vel. Vivamus nec eleifend sem.
malesuada imperdiet velit. Sed consectetur se
Vivamus rhoncus velit quis ligula sagittis congu
magna diam, interdum ut tempus ut, vehicula non urna. Morbi dapibus nunc ac tincidunt
condimentum. Aliquam eget erat felis. Quisque ipsum sem, mattis auctor tellus cursus
consectetur efficitur quam. Donec vestibulum erat id orci commodo vehicula. Nunc facufis
efficitur est, id porta mauris pellentesque in. Pellentesque eu lectus at ante aliquet
accumsan sed euismod ex. Praesent ac massa rutrum, accumsan dolor at, vulputate
purus. Praesent ac ligula euismod, varius magna ornare, consectetur tortor,

auris vehicula erat risus, at bibendum sem
Duis ex enim, consectetur a massa ut,
m dictum, porttitor nisl quis, egestas enim.
e. Donec tincidunt faucibus faucibus. Proin

Pellentesque libero neque, pretium non porttitor finibus, hendrerit ut leo. Nam vel metus
laoreet, gravida risus convallis, sollicitudin arcu. Fusce at ante facilisis, ultricies eros non,
scelerisque lectus. Sed vitae scelerisque sapien. Aliquam sollicitudin pharetra malesuada.
Integer quis orci maximus quam aliquam efficitur. Aliquam imperdiet, lorem vitae
condimentum blandit, odio quam consequat metus, et fringilla orci dolor quis augue. Ut
blandit neque a eros porta egestas. Curabitur mattis odio dui, eget blandit arcu rhoncus eu.
Sed vestibulum ex dolor, vel vestibulum odio venenatis quis. Nulla ultrices velit sed turpis
aliquet dignissim.

Praesent sit amet dictum turpis, eu lobortis arcu. Proin at aliquet sapien. Sed auctor
eleifend erat ac finibus. Morbi volutpat venenatis gravida. Praesent aliquet euismod nibh.
Suspendisse urna nisi, pretium quis viverra a, dapibus a neque. Etiam vitae mi quam. Ut
egestas consectetur nisl, pulvinar vulputate massa. Nam a leo in tellus consectetur sagittis.
Integer laoreet fermentum urna et dignissim. Aenean sed augue at est tempor ultricies. Ut
pretium tempus tellus. Sed suscipit diam vitae magna auctor imperdiet.

Suspendisse aliquet porta sem. Lorem ipsum dolor sit amet, consectetur adipiscing elit.
Vestibulum eu dui eu nunc ultrices tincidunt consectetur in lacus. Maecenas non
ullamcorper est, et interdum orci. Morbi vehicula accumsan turpis, et pulvinar mi dapibus
at. Proin porta rhoncus lacinia. Quisque at augue nec elit cursus blandit id a sapien. Duis
vitae venenatis mi. Nunc sagittis magna quis tortor ultricies molestie. Phasellus dictum
turpis et odio euismod, ut iaculis diam luctus. Cras eget odio auctor, malesuada augue
quis, tristique felis. Nam nec faucibus mauris, ut dictum leo. Nulla eget lobortis urna. Cras
dapibus sapien eget blandit convallis. In pulvinar ante eros, in efficitur risus tempor in.
Nullam non tortor consequat, mollis justo sit amet, luctus mi.

Curabitur tincidunt urna vitae erat iaculis, id tempor risus egestas. Suspendisse potenti.
Aliquam sit amet turpis molestie, tempus quam vitae, lobortis sapien. Nam ultricies nec
purus sed posuere. Nunc lorem tellus, dictum nec gravida a, dictum non tellus. Proin
imperdiet vestibulum lectus a cursus. Sed turpis dui, vestibulum aliquet ipsum et,
consequat semper lacus. Interdum et malesuada fames ac ante ipsum primis in faucibus.
Suspendisse feugiat magna vitae porta mollis. Integer at arcu augue. Curabitur sed lobortis

augue.
","Cras quis lorem vel justo sodales iaculis. Ma
accumsan vel. Vivamus nec eleifend sem.
malesuada imperdiet velit. Sed consectetur se

Vivamus rhoncus velit quis ligula sagittis congue. Donec tincidunt faucibus faucibus. Proin
Magna diam, interdum ut tempus ut, vehicula non urna. Morbi dapibus nunc ac tincidunt
condimentum. Aliquam €get erat felis. Quisque ipsum sem, mattis auctor tellus cursus,
consectetur efficitur quam. Donec vestibulum erat id orci commodo vehicula. Nunc iaculis
€fficitur est, id porta mauris pellentesque in. Pellentesque eu lectus at ante aliquet
accumsan sed euismod ex. Praesent ac massa rutrum, accumsan dolor at, vulputate
purus. Praesent ac ligula euismod, varius magna ornare, consectetur tortor.

uris vehicula erat risus, at bibendum sem
Duis ex enim, consectetur a massa ut,
m dictum, porttitor nisl quis, egestas enim.

Pellentesque libero neque, pretium non porttitor finibus, hendrerit ut leo. Nam vel metus
laoreet, gravida risus convallis, sollicitudin arcu. Fusce at ante facilisis, ultricies eros non,
scelerisque lectus. Sed vitae scelerisque sapien. Aliquam sollicitudin pharetra malesuada.
Integer quis orci maximus quam aliquam efficitur. Aliquam imperdiet, lorem vitae
condimentum blandit, odio quam consequat metus, et fringilla orci dolor quis augue. Ut
blandit neque a eros porta egestas. Curabitur mattis odio dui, eget blandit arcu rhoncus eu.

Sed vestibulum ex dolor, vel vestibulum odio venenatis quis. Nulla ultrices velit sed turpis
aliquet dignissim.

Praesent sit amet dictum turpis, eu lobortis arcu. Proin at aliquet sapien. Sed auctor
eleifend erat ac finibus. Morbi volutpat venenatis gravida. Praesent aliquet euismod nibh.
Suspendisse urna nisi, pretium quis viverra a, dapibus a neque. Etiam vitae mi quam. Ut
egestas consectetur nisl, pulvinar vulputate massa. Nam a leo in tellus consectetur sagittis.
Integer laoreet fermentum urna et dignissim. Aenean sed augue at est tempor ultricies. Ut
pretium tempus tellus. Sed suscipit diam vitae magna auctor imperdiet.

Suspendisse aliquet porta sem. Lorem ipsum dolor sit amet, consectetur adipiscing elit.
Vestibulum eu dui eu nunc ultrices tincidunt consectetur in lacus. Maecenas non
ullamcorper est, et interdum orci. Morbi vehicula accumsan turpis, et pulvinar mi dapibus
at. Proin porta rhoncus lacinia. Quisque at augue nec elit cursus blandit id a sapien. Duis
vitae venenatis mi. Nunc sagittis magna quis tortor ultricies molestie. Phasellus dictum
turpis et odio euismod, ut iaculis diam luctus. Cras eget odio auctor, malesuada augue
quis, tristique felis. Nam nec faucibus mauris, ut dictum leo. Nulla eget lobortis urna. Cras
dapibus sapien eget blandit convallis. In pulvinar ante eros, in efficitur risus tempor in.
Nullam non tortor consequat, mollis justo sit amet, luctus mi.

Curabitur tincidunt urna vitae erat iaculis, id tempor risus egestas. Suspendisse potenti.
Aliquam sit amet turpis molestie, tempus quam vitae, lobortis sapien. Nam ultricies nec
purus sed posuere. Nunc lorem tellus, dictum nec gravida a, dictum non tellus. Proin
imperdiet vestibulum lectus a cursus. Sed turpis dui, vestibulum aliquet ipsum et,
consequat semper lacus. Interdum et malesuada fames ac ante ipsum primis in faucibus.

Suspendisse feugiat magna vitae porta mollis. Integer at arcu augue. Curabitur sed lobortis
augue.
","magna diam, interdum ut oo vehicula non

eu

€ Ir iesent ac liguia eCEuUISMOG, VariuS Magna Ol ir
} 0 | =30 | ‘ LIL | | | 10
| ide 1 ’ Hlis I din a Ac
= lac > 19) } HICITI

ante ipsum primis in epatue,
cu augue. Curabitur sed lobortis

","risus, at bibendum sem
sectetur a massa ut,
s| quis, egestas enim.

unc iaculis
nte aliquet

aculis, id tempor risus egestas. Suspendisse potenti.
- tempus quam vitae, lobortis sapien. Nam ultricies nec
rem tellus, dictum nec gravida a, dictum non tellus. Proin
a cursus. Sed turpis dui, vestibulum aliquet ipsum et,

"
3,3,"Phasellus at odio eu est feugiat posuere non et nunc. Vestibulum Magna magna,
elementum in congue id, mattis id arcu. Morbi luctus luctus dolor, vel lobortis enim viverra
eu. Aliquam erat volutpat. Suspendisse dignissim, lectus sed interdum finibus, justo est
bibendum ipsum, ac ultrices eros justo vel felis. Cras viverra libero vel quam imperdiet, et
euismod elit eleifend. Cras in risus eget purus pharetra vehicula. Maecenas nisl turpis,
bibendum elementum porttitor et, hendrerit consectetur nulla. Mauris ac mollis lectus.
Maecenas ligula tellus, congue et lectus vitae, malesuada aliquam risus. Suspendisse ut
faucibus odio. Sed commodo metus nec elit efficitur ultrices. Sed tellus magna, placerat eu
cursus a, Sagittis vel turpis. Nulla tortor massa, molestie sed malesuada at, interdum in
ante. In hac habitasse platea dictumst.

In a neque et mauris tristique molestie malesuada volutpat magna. Donec et efficitur
magna, lobortis ullamcorper leo. Donec vel ornare erat, non imperdiet purus. Proin ac
elementum quam. Fusce tincidunt commodo risus quis maximus. Duis pellentesque arcu
dui, quis sagittis arcu scelerisque at. Aliquam erat volutpat. Praesent nec molestie sapien.
Fusce ullamcorper sapien at varius tristique. Cras facilisis sem sed dignissim pretium.
Donec sed metus hendrerit mauris bibendum lacinia. Integer posuere imperdiet urna nec
pretium. Pellentesque habitant morbi tristique senectus et netus et malesuada fames ac
turpis egestas.

Aenean nisi arcu, pulvinar vel accumsan dictum, convallis rutrum turpis. Vestibulum
scelerisque bibendum tortor. Curabitur aliquam, lacus in scelerisque eleifend, dui est
ornare ante, sit amet aliquet sapien eros et neque. In vel massa ut sapien aliquet posuere.
Morbi id pellentesque turpis. Proin at malesuada turpis. Nullam volutpat elit fermentum felis
ultrices pulvinar. Nunc placerat tincidunt accumsan. Donec tempus feugiat ex, vitae
condimentum urna pretium dignissim. Donec ac faucibus dolor. Donec vulputate purus
velit, eget mollis tortor elementum vitae. Ut justo lorem, varius nec lacinia ac, laoreet eget
mi. Proin eu dui placerat, porttitor nulla vitae, fermentum lectus. Donec euismod, purus vel
porta vehicula, mi tortor scelerisque orci, in luctus massa dui nec neque. Suspendisse sed
ullamcorper est. Fusce a placerat leo, quis placerat mi.

Morbi quis fermentum risus. Mauris sit amet massa sed orci lobortis ultrices. Etiam lobortis,
felis non tristique placerat, ipsum eros vehicula orci, ac suscipit dui velit nec nisi. In
vestibulum, est et convallis rutrum, massa massa aliquet orci, ac lobortis libero neque ac
magna. Ut nec lectus viverra, porta odio vitae, ullamcorper mi. Ut bibendum faucibus est.
Orci varius natoque penatibus et magnis dis parturient montes, nascetur ridiculus mus.
Nullam consectetur vitae sem sit amet dignissim. Integer non accumsan lorem, sit amet
feugiat leo. Nunc eros libero, sollicitudin et pellentesque eget, porttitor sed purus.

Donec posuere sollicitudin erat, vel auctor tellus mattis ut. Etiam laoreet augue leo, vel
iaculis libero auctor eget. Nulla non lorem non dui hendrerit gravida luctus a felis. Fusce
posuere, metus non placerat laoreet, tortor lacus luctus ex, eget pulvinar ipsum ipsum id
turpis. Curabitur porttitor tincidunt aliquam. Sed tincidunt nisl velit, eget facilisis turpis
eleifend a. Proin vel mollis purus, nec auctor purus. Maecenas ullamcorper est id
","Phasellus at odio eu est feugiat posuere non et nunc. Vestibulum magna magna,
elementum in congue id, mattis id arcu. Morbi luctus luctus dolor, vel lobortis enim viverra
eu. Aliquam erat volutpat. Suspendisse dignissim, lectus sed interdum finibus, justo est
bibendum ipsum, ac ultrices eros justo vel felis. Cras viverra libero vel quam imperdiet, et
euismod elit eleifend. Cras in risus eget purus pharetra vehicula. Maecenas nisl turpis,
bibendum elementum porttitor et, hendrerit consectetur nulla. Mauris ac mollis lectus.
Maecenas ligula tellus, congue et lectus vitae, malesuada aliquam risus. Suspendisse ut
faucibus odio. Sed commodo metus nec elit efficitur ultrices. Sed tellus magna, placerat eu
cursus a, Sagittis vel turpis. Nulla tortor massa, molestie sed malesuada at, interdum in
ante. In hac habitasse platea dictumst.

In a neque et mauris tristique molestie malesuada volutpat magna. Donec et efficitur
magna, lobortis ullamcorper leo. Donec vel ornare erat, non imperdiet purus. Proin ac
elementum quam. Fusce tincidunt commodo risus quis maximus. Duis pellentesque arcu
dui, quis sagittis arcu scelerisque at. Aliquam erat volutpat. Praesent nec molestie sapien.
Fusce ullamcorper sapien at varius tristique. Cras facilisis sem sed dignissim pretium.
Donec sed metus hendrerit mauris bibendum lacinia. Integer posuere imperdiet urna nec
pretium. Pellentesque habitant morbi tristique senectus et netus et malesuada fames ac
turpis egestas.

Aenean nisi arcu, pulvinar vel accumsan dictum, convallis rutrum turpis. Vestibulum
scelerisque bibendum tortor. Curabitur aliquam, lacus in scelerisque eleifend, dui est
ornare ante, sit amet aliquet sapien eros et neque. In vel massa ut sapien aliquet posuere.
Morbi id pellentesque turpis. Proin at malesuada turpis. Nullam volutpat elit fermentum felis
ultrices pulvinar. Nunc placerat tincidunt accumsan. Donec tempus feugiat ex, vitae
condimentum urna pretium dignissim. Donec ac faucibus dolor. Donec vulputate purus
velit, eget mollis tortor elementum vitae. Ut justo lorem, varius nec lacinia ac, laoreet eget
mi. Proin eu dui placerat, porttitor nulla vitae, fermentum lectus. Donec euismod, purus vel
porta vehicula, mi tortor scelerisque orci, in luctus massa dui nec neque. Suspendisse sed
ullamcorper est. Fusce a placerat leo, quis placerat mi.

Morbi quis fermentum risus. Mauris sit amet massa sed orci lobortis ultrices. Etiam lobortis,
felis non tristique placerat, ipsum eros vehicula orci, ac suscipit dui velit nec nisi. In
vestibulum, est et convallis rutrum, massa massa aliquet orci, ac lobortis libero neque ac
magna. Ut nec lectus viverra, porta odio vitae, ullamcorper mi. Ut bibendum faucibus est.
Orci varius natoque penatibus et magnis dis parturient montes, nascetur ridiculus mus.
Nullam consectetur vitae sem sit amet dignissim. Integer non accumsan lorem, sit amet
feugiat leo. Nunc eros libero, sollicitudin et pellentesque eget, porttitor sed purus.

Donec posuere sollicitudin erat, vel auctor tellus mattis ut. Etiam laoreet augue leo, vel
laculis libero auctor eget. Nulla non lorem non dui hendrerit gravida luctus a felis. Fusce
posuere, metus non placerat laoreet, tortor lacus luctus ex, eget pulvinar ipsum ipsum id
turpis. Curabitur porttitor tincidunt aliquam. Sed tincidunt nisl velit, eget facilisis turpis
eleifend a. Proin vel mollis purus, nec auctor purus. Maecenas ullamcorper est id
","Phasellus at odio eu est feugiat posuere non et nunc.
elementum in congue id, mattis id arcu. Morbi luctus luctus dol

eu. Aliquam erat volutpat. Suspendisse dignissim, lectus sed
bibendum ipsum, ac ultrices eros justo vel felis. Cras viverra lib
euismod elit eleifend. Cras in risus eget purus pharetra vehict
bibendum elementum porttitor et, hendrerit consectetur nulla. M
Maecenas ligula tellus, congue et lectus vitae, malesuada aliquar
faucibus odio. Sed commodo metus nec elit efficitur ultrices. Sed tellus
cursus a, Sagittis vel turpis. Nulla tortor massa, molestie sed male
ante. In hac habitasse platea dictumst.

","Phasellus at odio eu est feugiat posuere non et nunc
elementum in congue id, mattis id arcu. Morbi luctus luctus

eu. Aliquam erat volutpat. Suspendisse dignissim, lectus s
bibendum ipsum, ac ultrices eros justo vel felis. Cras viverra li
euismod elit eleifend. Cras in risus eget purus pharetra vehict
bibendum elementum porttitor et, hendrerit consectetur nulla. | |
Maecenas ligula tellus, congue et lectus vitae, malesuada aliqu

faucibus odio. Sed commodo metus nec elit efficitur ultrices. Sed.

cursus a, Sagittis vel turpis. Nulla tortor massa, molestie sed ma
ante. In hac habitasse platea dictumst.

In a neque et m
loborti

roin vel mollt: 9uUrus. 1 uct

"
4,4,"ullamcorper elementum. Fusce pellentesque ante sed nis| congue, a finibus ante molestie.
Curabitur vel sapien lacus.

Nam faucibus rutrum euismod. Class aptent taciti sociosqu ad litora torquent per conubia
nostra, per inceptos himenaeos. Aliquam erat volutpat. Nunc pretium lectus vitae lorem
malesuada, nec semper risus Sagittis. In justo odio, sodales sed orci eu, dignissim facilisis
tortor. Nunc venenatis ante nec fringilla rutrum. Aliquam pulvinar dictum diam, in sodales
lorem vestibulum ac. Morbi iaculis gravida neque. Suspendisse potenti. Duis vehicula
elementum mollis. In viverra lectus mi, at condimentum urna dapibus at. Maecenas
commodo tempus elit sed pulvinar.

Phasellus vel tellus quam. Nullam cursus venenatis erat, vel dapibus dui aliquam
fermentum. Donec eu efficitur orci. Mauris at ullamcorper velit, sit amet tincidunt ipsum.
Aenean egestas vel turpis elementum sagittis. Nulla eget euismod felis. Nulla elementum
ornare purus non vehicula. Cras ultrices metus sit amet tellus venenatis, ac efficitur eros
mollis. Phasellus quis dictum purus. Etiam nec nibh nibh. Integer vestibulum varius enim, in
convallis tortor ultrices tincidunt. Vivamus ut condimentum erat, vel viverra erat. Nunc
dictum efficitur cursus. Phasellus scelerisque finibus leo at sagittis. Mauris eu hendrerit
risus, vel dictum velit. Suspendisse eu arcu ultrices arcu fermentum semper.

Class aptent taciti sociosqu ad litora torquent per conubia nostra, per inceptos himenaeos.
Duis lacinia augue viverra consequat finibus. Phasellus vestibulum blandit luctus. Donec eu
mollis tortor. Etiam aliquam nulla viverra, pharetra urna a, vulputate nibh. Quisque
venenatis nunc a tortor pharetra mattis. Integer rutrum tempor euismod. Maecenas finibus
lectus id accumsan varius.

Suspendisse ut faucibus ex. Maecenas sodales nisi tortor, vitae auctor sapien placerat eu.
Curabitur interdum velit a porta tincidunt. Nam feugiat, purus ut congue commodo, leo eros
porttitor elit, sit amet tempus orci velit sit amet turpis. Cras at ultricies eros, in porta massa.
Donec mi lacus, viverra dapibus nulla a, fermentum egestas enim. Integer quis tristique
purus, sed dictum urna. Mauris ac volutpat ante, sit amet suscipit ante. Nunc in cursus
nunc. Sed a finibus lorem. Mauris nec pretium ligula. Vivamus quis tellus pretium, imperdiet
erat at, sagittis leo. Aliquam sed ligula sem.

Aenean fermentum magna nulla, at malesuada eros eleifend vel. Nulla maximus lacus sed
rhoncus ultrices. Fusce sollicitudin nibh eu sem euismod suscipit. Aliquam vestibulum
porttitor velit sed ullamcorper. Suspendisse luctus viverra lacus. Curabitur viverra maximus
ipsum imperdiet interdum. Vivamus feugiat dignissim pellentesque. Fusce magna tellus,
dapibus et vehicula nec, feugiat eu ex. Fusce non augue odio. Fusce cursus diam sed
finibus vehicula. Donec vitae odio eget ante laoreet interdum. Maecenas dictum metus ac
enim sollicitudin commodo. Morbi condimentum convallis sapien, in tempus metus
dignissim id. Maecenas nec volutpat ipsum. Suspendisse quis odio non elit fermentum
volutpat et sed sapien. Cras scelerisque in elit ultrices porttitor.
","ullamcorper elementum. Fusce pellentesque ante sed nis! congue, a finibus ante molestie.
Curabitur vel Sapien lacus.

Nam faucibus rutrum euismod. Class aptent taciti sociosqu ad litora torquent per conubia
nostra, per inceptos himenaeos. Aliquam erat volutpat. Nunc pretium lectus vitae lorem
malesuada, nec semper risus sagittis. In justo odio, sodales sed orci eu, dignissim facilisis
tortor. Nunc venenatis ante nec fringilla rutrum. Aliquam pulvinar dictum diam, in sodales
lorem vestibulum ac. Morbi iaculis gravida neque. Suspendisse potenti. Duis vehicula
elementum mollis. In viverra lectus mi, at condimentum urna dapibus at. Maecenas
commodo tempus elit sed pulvinar.

Phasellus vel tellus quam. Nullam cursus venenatis erat, vel dapibus dui aliquam
fermentum. Donec eu efficitur orci. Mauris at ullamcorper velit, sit amet tincidunt ipsum.
Aenean egestas vel turpis elementum sagittis. Nulla eget euismod felis. Nulla elementum
ornare purus non vehicula. Cras ultrices metus sit amet tellus venenatis, ac efficitur eros
mollis. Phasellus quis dictum purus. Etiam nec nibh nibh. Integer vestibulum varius enim, in
convallis tortor ultrices tincidunt. Vivamus ut condimentum erat, vel viverra erat. Nunc
dictum efficitur cursus. Phasellus scelerisque finibus leo at sagittis. Mauris eu hendrerit
risus, vel dictum velit. Suspendisse eu arcu ultrices arcu fermentum semper.

Class aptent taciti sociosqu ad litora torquent per conubia nostra, per inceptos himenaeos.
Duis lacinia augue viverra consequat finibus. Phasellus vestibulum blandit luctus. Donec eu
mollis tortor. Etiam aliquam nulla viverra, pharetra urna a, vulputate nibh. Quisque
venenatis nunc a tortor pharetra mattis. Integer rutrum tempor euismod. Maecenas finibus
lectus id accumsan varius.

Suspendisse ut faucibus ex. Maecenas sodales nisi tortor, vitae auctor sapien placerat eu.
Curabitur interdum velit a porta tincidunt. Nam feugiat, purus ut congue commodo, leo eros
porttitor elit, sit amet tempus orci velit sit amet turpis. Cras at ultricies eros, in porta massa.
Donec mi lacus, viverra dapibus nulla a, fermentum egestas enim. Integer quis tristique
purus, sed dictum urna. Mauris ac volutpat ante, sit amet suscipit ante. Nunc in cursus
nunc. Sed a finibus lorem. Mauris nec pretium ligula. Vivamus quis tellus pretium, imperdiet
erat at, sagittis leo. Aliquam sed ligula sem.

Aenean fermentum magna nulla, at malesuada eros eleifend vel. Nulla maximus lacus sed
rhoncus ultrices. Fusce sollicitudin nibh eu sem euismod Suscipit. Aliquam vestibulum
porttitor velit sed ullamcorper. Suspendisse luctus viverra lacus. Curabitur viverra maximus
ipsum imperdiet interdum. Vivamus feugiat dignissim pellentesque. Fusce magna tellus
dapibus et vehicula nec, feugiat eu ex. Fusce non a
finibus vehicula. Donec vitae odio eget ante laoreet in
enim sollicitudin commodo. Morbi condimentum convallis sapien, in tempus metus

dignissim id. Maecenas nec volutpat ipsum. Sus i
. pendisse quis odio non eli
volutpat et Sed sapien. Cras scelerisque in elit ultrices porttitor. pant

ugue odio. Fusce cursus diam sed
terdum. Maecenas dictum metus ac
","be

ullamcorper elementum. Fusce pellentesque ante sed nis! congue, a finibu
Curabitur vel sapien lacus. 4

Nam faucibus rutrum euismod. Class aptent taciti sociosqu ad litora torq
nostra, per inceptos himenaeos. Aliquam erat volutpat. Nunc pretium
malesuada, nec semper risus sagittis. In justo odio, sodales sed orci eu, di
tortor. Nunc venenatis ante nec fringilla rutrum. Aliquam pulvinar dictum dia
lorem vestibulum ac. Morbi iaculis gravida neque. Suspendisse potenti. Duis

elementum mollis. In viverra lectus mi, at condimentum urna dapibus at. M
commodo tempus elit sed pulvinar.

Phasellus vel tellus quam. Nullam cursus venenatis erat, vel dapibus dui
fermentum. Donec eu efficitur orci. Mauris at ullamcorper velit, sit amet tincidun
Aenean egestas vel turpis elementum Sagittis. Nulla eget euismod felis. Nulla ele
ornare purus non vehicula. Cras ultrices metus sit amet tellus venenatis, ac efficitu
mollis. Phasellus quis dictum purus. Etiam nec nibh nibh. Integer vestibulum varius
convallis tortor ultrices tincidunt. Vivamus ut condimentum erat, vel viverra era
dictum efficitur cursus. Phasellus scelerisque finibus leo at sagittis. Mauris eu hel
risus, vel dictum velit. Suspendisse eu arcu ultrices arcu fermentum semper.

Class aptent taciti sociosqu ad litora torquent per conubia nostra, per inceptos him
Duis lacinia augue viverra consequat finibus. Phasellus vestibulum blandit luctus.
mollis tortor. Etiam aliquam nulla viverra, pharetra urna a, vulputate nibh.

venenatis nunc a tortor pharetra mattis. Integer rutrum tempor euismod. Maecenas f
lectus id accumsan varius.

Suspendisse ut faucibus ex. Maecenas sodales nisi tortor, vitae auctor sapien pl
Curabitur interdum velit a porta tincidunt. Nam feugiat, purus ut congue commod
porttitor elit, sit amet tempus orci velit sit amet turpis. Cras at ultricies eros, in
Donec mi lacus, viverra dapibus nulla a, fermentum egestas enim. Intege
purus, sed dictum urna. Mauris ac volutpat ante, sit amet suscipit ante. N
nunc. Sed a finibus lorem. Mauris nec pretium ligula. Vivamus quis tellus pretiu
erat at, sagittis leo. Aliquam sed ligula sem.

Aenean fermentum magna nulla, at malesuada eros eleifend vel. Null
rhoncus ultrices. Fusce sollicitudin nibh eu sem euismod suscipi
porttitor velit sed ullamcorper. Suspendisse luctus viverra lacus. C
ipsum imperdiet interdum. Vivamus feugiat dignissim pellente
dapibus et vehicula nec, feugiat eu ex. Fusce non augue odi
finibus vehicula. Donec vitae odio eget ante laoreet interd
enim sollicitudin commodo. Morbi condimentum c Dn
dignissim id. Maecenas nec volutpat ipsum. Suspendi
volutpat et sed sapien. Cras scelerisque in elit ultrice:
","Wenrentum egestas enim. ener quis Prenat
m urna. Mauris ac Peltier ante, sit amet suscipit ante. Nunc in cursus

us lorem. Mauris nec pretium ligula. Vivamus quis tellus pretium, imperdiet
leo. Aliquam sed ligula sem.

entum magna nulla, at malesuada eros eleifend vel. Nulla maximus lacus sed
Fusce sollicitudin nibh eu sem euismod suscipit. Aliquam vestibulum
llamcorper. Suspendisse luctus viverra lacus. Curabitur viverra maximus
dum. Vivamus feugiat dignissim pellentesque. Fusce magna tellus,

Nec, feugiat eu ex. Fusce non augue odio. Fusce cursus diam sed

e€ odio eget ante laoreet interdum. Maecenas dictum metus ac
0. Morbi condimentum convallis sapien, in

c volutpat ipsum. Suspendisse quis odio non
as scelerisque in elit ultrices porttitor.

tempus metus
elit fermentum

"
5,5,"Nullam lectus lacus, pharetra vitae justo at, finibus ullamcorper neque. Integer risus nulla,
tempor at lectus sit amet, fringilla semper nibh. Quisque viverra vehicula ligula at vulputate.
Maecenas commodo aliquet leo, vel fringilla metus Sagittis ullamcorper. Ut tristique
ullamcorper mi. Nullam vitae dui rutrum, accumsan ligula ac, rutrum justo. Pellentesque
habitant morbi tristique senectus et netus et malesuada fames ac turpis egestas. Donec
convallis libero elit, et cursus eros rhoncus non. Nullam ut odio interdum, aliquet ipsum
sed, blandit ex. Nulla facilisi. Suspendisse eleifend aliquam neque ut commodo. Etiam vel
enim nisi. In efficitur accumsan mi quis dignissim. Curabitur eu convallis urna, at dapibus
elit.

Donec libero urna, volutpat in ligula quis, sollicitudin hendrerit turpis. Donec vitae interdum
augue, et ullamcorper eros. Donec finibus lacinia accumsan. Donec eget porttitor nulla,
vitae vehicula massa. Mauris pharetra neque sollicitudin turpis imperdiet euismod. Sed
pharetra risus luctus nibh placerat varius. Nulla ultrices cursus est nec fermentum.
Praesent auctor turpis ac diam vestibulum, sit amet hendrerit sapien posuere. Nulla facilisi.
Pellentesque habitant morbi tristique senectus et netus et malesuada fames ac turpis
egestas. Nullam turpis purus, euismod ut lectus et, venenatis tincidunt lorem.

Curabitur tempus risus a felis ultricies posuere. Morbi pellentesque consequat justo vitae
ornare. Aliquam id eros eget erat volutpat facilisis. Quisque dolor lectus, convallis a porttitor
et, consequat at sapien. Nulla eleifend vel magna quis rutrum. Donec et egestas felis, ac
vulputate libero. Vestibulum semper augue sed diam tempor posuere. Aliquam erat
volutpat. Ut sed libero non nisi pulvinar pretium sit amet consectetur ligula. Suspendisse
potenti. Nullam tempor diam vel porttitor molestie. Pellentesque a sem id metus elementum
sollicitudin. In lobortis nulla egestas rhoncus tincidunt. Nulla ligula lorem, interdum quis
laoreet at, bibendum vel arcu.

Suspendisse potenti. Maecenas risus diam, tempor sit amet maximus ut, varius euismod
diam. Quisque posuere a est quis sollicitudin. Etiam sollicitudin ante eget odio tempor
tempus. Phasellus malesuada vel risus sed dictum. Maecenas et fringilla lorem. Nulla risus
felis, ultrices nec nisi nec, faucibus rutrum arcu. Nullam velit velit, aliquet hendrerit risus sit
amet, rutrum dignissim metus. Morbi egestas purus in odio mattis, sit amet pulvinar arcu
vehicula. In hac habitasse platea dictumst. Ut non lorem ac erat ullamcorper luctus. Morbi
ultrices neque eget dolor lacinia, vitae pretium orci congue.

Fusce lacinia quam est. Donec faucibus fermentum lorem sed consectetur. In hac
habitasse platea dictumst. Donec et viverra leo. Morbi rutrum hendrerit velit non mollis.
Vestibulum placerat molestie malesuada. Phasellus efficitur nisi quis sem rhoncus volutpat.
In vel libero scelerisque, venenatis tellus in, mattis lectus. Cras ultricies sapien eget ultrices
euismod. Integer faucibus iaculis ante, sit amet euismod diam viverra vel. Pellentesque sit
amet semper sem. Ut non augue velit. Nam tincidunt nec urna non venenatis.

Morbi id nunc vitae lorem facilisis feugiat. Donec id tincidunt ex. Aliquam maximus lectus
rutrum arcu pharetra lacinia. Duis enim lorem, venenatis molestie dapibus eget, vestibulum
","Nullam lectus lacus, pharetra vitae justo at, finibus ullamcorper neque. Integer risus nulla,
tempor at lectus sit amet, fringilla semper nibh. Quisque viverra vehicula ligula at vulputate.
Maecenas commodo aliquet leo, vel fringilla metus sagittis ullamcorper. Ut tristique
ullamcorper mi. Nullam vitae dui rutrum, accumsan ligula ac, rutrum justo. Pellentesque
habitant morbi tristique senectus et netus et malesuada fames ac turpis egestas. Donec
convallis libero elit, et cursus eros rhoncus non. Nullam ut odio interdum, aliquet ipsum
sed, blandit ex. Nulla facilisi. Suspendisse eleifend aliquam neque ut commodo. Etiam vel
enim nisi. In efficitur accumsan mi quis dignissim. Curabitur eu convallis urna, at dapibus

elit.

Donec libero urna, volutpat in ligula quis, sollicitudin hendrerit turpis. Donec vitae interdum
augue, et ullamcorper eros. Donec finibus lacinia accumsan. Donec eget porttitor nulla,
vitae vehicula massa. Mauris pharetra neque sollicitudin turpis imperdiet euismod. Sed
pharetra risus luctus nibh placerat varius. Nulla ultrices cursus est nec fermentum.
Praesent auctor turpis ac diam vestibulum, sit amet hendrerit sapien posuere. Nulla facilisi.
Pellentesque habitant morbi tristique senectus et netus et malesuada fames ac turpis
egestas. Nullam turpis purus, euismod ut lectus et, venenatis tincidunt lorem.

Curabitur tempus risus a felis ultricies posuere. Morbi pellentesque consequat justo vitae
ornare. Aliquam id eros eget erat volutpat facilisis. Quisque dolor lectus, convallis a porttitor
et, consequat at sapien. Nulla eleifend vel magna quis rutrum. Donec et egestas felis, ac
vulputate libero. Vestibulum semper augue sed diam tempor posuere. Aliquam erat
volutpat. Ut sed libero non nisi pulvinar pretium sit amet consectetur ligula. Suspendisse
potenti. Nullam tempor diam vel porttitor molestie. Pellentesque a sem id metus elementum
sollicitudin. In lobortis nulla egestas rhoncus tincidunt. Nulla ligula lorem, interdum quis
laoreet at, bibendum vel arcu.

Suspendisse potenti. Maecenas risus diam, tempor sit amet maximus ut, varius euismod
diam. Quisque posuere a est quis sollicitudin. Etiam sollicitudin ante eget odio tempor
tempus. Phasellus malesuada vel risus sed dictum. Maecenas et fringilla lorem. Nulla risus
felis, ultrices nec nisi nec, faucibus rutrum arcu. Nullam velit velit, aliquet hendrerit risus sit
amet, rutrum dignissim metus. Morbi egestas purus in odio mattis, sit amet pulvinar arcu
vehicula. In hac habitasse platea dictumst. Ut non lorem ac erat ullamcorper luctus. Morbi
ultrices neque eget dolor lacinia, vitae pretium orci congue.

Fusce lacinia quam est. Donec faucibus fermentum lorem sed consectetur. In hac
habitasse platea dictumst. Donec et viverra leo. Morbi rutrum hendrerit velit non mollis.
Vestibulum placerat molestie malesuada. Phasellus efficitur nisi quis sem rhoncus volutpat.
In vel libero scelerisque, venenatis tellus in, mattis lectus. Cras ultricies sapien eget ultrices
euismod. Integer faucibus iaculis ante, sit amet euismod diam viverra vel. Pellentesque sit
amet semper sem. Ut non augue velit. Nam tincidunt nec urna non venenatis.

Morbi id nunc vitae lorem facilisis feugiat. Donec id tincidunt ex. Aliquam maximus lectus
rutrum arcu pharetra lacinia. Duis enim lorem, venenatis molestie dapibus eget, vestibulum
","Nullam lectus lacus, pharetra vitae justo at, finibus ullamcorper neque
tempor at lectus sit amet, fringilla semper nibh. Quisque viverra vehic

enim nisi. In efficitur accumsan mi quis dignissim. Curabitur eu convallis urt
elit.

Donec libero urna, volutpat in ligula quis, sollicitudin hendrerit turpis. Donec vitae inte
augue, et ullamcorper eros. Donec finibus lacinia accumsan. Donec eget porttitor nu
vitae vehicula massa. Mauris pharetra neque sollicitudin turpis imperdiet euismod.
pharetra risus luctus nibh placerat varius. Nulla ultrices cursus est nec fermentun
Praesent auctor turpis ac diam vestibulum, sit amet hendrerit sapien posuere. Nulla fac
Pellentesque habitant morbi tristique senectus et netus et malesuada fames ac tur
egestas. Nullam turpis purus, euismod ut lectus et, venenatis tincidunt lorem.

Curabitur tempus risus a felis ultricies posuere. Morbi pellentesque consequat justo vit
ornare. Aliquam id eros eget erat volutpat facilisis. Quisque dolor lectus, convallis a porttito
et, consequat at sapien. Nulla eleifend vel magna quis rutrum. Donec et egestas felis
vulputate libero. Vestibulum semper augue sed diam tempor posuere. Aliquam —
volutpat. Ut sed libero non nisi pulvinar pretium sit amet consectetur ligula. Suspend
potenti. Nullam tempor diam vel porttitor molestie. Pellentesque a sem id metus elementt

sollicitudin. In lobortis nulla egestas rhoncus tincidunt. Nulla ligula lorem, interdum q
laoreet at, bibendum vel arcu.

Suspendisse potenti. Maecenas risus diam, tempor sit amet maximus ut, varius euisme
diam. Quisque posuere a est quis sollicitudin. Etiam sollicitudin ante eget odio temp
tempus. Phasellus malesuada vel risus sed dictum. Maecenas et fringilla lorem. Nulla r
felis, ultrices nec nisi nec, faucibus rutrum arcu. Nullam velit velit, aliquet hendrerit risus
amet, rutrum dignissim metus. Morbi egestas purus in odio mattis, sit amet pulvinar e
vehicula. In hac habitasse platea dictumst. Ut non lorem ac erat ullamcorper luctus. Mor
ultrices neque eget dolor lacinia, vitae pretium orci congue.

Fusce lacinia quam est. Donec faucibus fermentum lorem sed consectetur.
habitasse platea dictumst. Donec et viverra leo. Morbi rutrum hendrerit velit non
Vestibulum placerat molestie malesuada. Phasellus efficitur nisi quis sem rhoncus v
In vel libero scelerisque, venenatis tellus in, mattis lectus. Cras ultricies sapien eget
euismod. Integer faucibus iaculis ante, sit amet euismod diam viverra vel. Pellente
amet semper sem. Ut non augue velit. Nam tincidunt nec urna non venenatis.

In hac

mollis.
olutpat.
ultrices
sque sit

Morbi id nunc vitae lorem facilisis feu

giat. Donec id tincidunt ex. Aliquam maximus lectus
rutrum arcu pharetra lacinia. Duis eni

m lorem, venenatis molestie dapibus eget, vestibulum
","Nullam lectus lacus, pharetra vitae justo at, finibus ullamcorpe
tempor at lectus sit amet, fringilla semper nibh. Quisque viver
Maecenas commodo aliquet leo, vel fringilla metus sagiti
ullamcorper mi. Nullam vitae dui rutrum, accumsan ligula ai
habitant morbi tristique senectus et netus et malesuada aI
convallis libero elit, et cursus eros rhoncus non. Nullam ul
sed, blandit ex. Nulla facilisi. Suspendisse eleifend aliqua I
enim nisi. In efficitur accumsan mi quis dignissim. Curabit
elit.

Donec libero urna, volutpat in ligula quis, sollicitudin hendrerit turp Ss.
augue, et ullamcorper eros. Donec finibus lacinia accumsan. Donec
vitae vehicula massa. Mauris pharetra neque sollicitudin turpis impert
pharetra risus luctus nibh placerat varius. Nulla ultrices cursus est
Praesent auctor turpis ac diam vestibulum, sit amet hendrerit sapien post
Pellentesque habitant morbi tristique senectus et netus et malesuade
egestas. Nullam turpis purus, euismod ut lectus et, venenatis tincidunt lore

Curabitur tempus risus a felis ultricies posuere. Morbi pellentesque c
ornare. Aliquam id eros eget erat volutpat facilisis. Quisque dolor lectus,
et, consequat at sapien. Nulla eleifend vel magna quis rutrum. Donec
vulputate libero. Vestibulum semper augue sed diam tempor pos
volutpat. Ut sed libero non nisi pulvinar pretium sit amet consectetur ligl
potenti. Nullam tempor diam vel porttitor molestie. Pellentesque a sem i
sollicitudin. In lobortis nulla egestas rhoncus tincidunt. Nulla ligula lo

laoreet at, bibendum vel arcu. .

Suspendisse potenti. Maecenas risus diam, tempor sit amet maximus
diam. Quisque posuere a est quis sollicitudin. Etiam sollicitudi

euismod. Integer faucibus iaculis ante, sit amet euis
amet semper sem. Ut non augue velit. Nam tincidunt |

Morbi id nunc vitae lorem facilisis feugiat. Donec id tin

~ 4%

rutrum arcu pharetra lacinia. Duis enim lorem, venenal
"
6,6,"ut neque. Integer ac pharetra turpis, eu condimentum lorem. Vivamus scelerisque eleifend
arcu, ac pretium leo tempor tincidunt. Nam velit nisl, euismod a pellentesque ut, lacinia
suscipit magna. Donec in nulla a nulla pulvinar euismod. Donec ipsum odio, bibendum at
libero a, placerat vehicula purus. Vivamus diam odio, placerat ac eros a, congue fringilla
ligula. Sed sit amet vulputate dui. Nunc justo odio, malesuada eu mollis sit amet, volutpat
sit amet lorem. Suspendisse porttitor sit amet mauris at iaculis. Class aptent taciti sociosqu
ad litora torquent per conubia nostra, per inceptos himenaeos. Curabitur sed imperdiet
nunc, sit amet euismod lectus. Mauris eu feugiat eros.

Donec vitae vehicula nulla. Nunc quam risus, semper eget justo quis, posuere lacinia
ipsum. Nullam interdum tempus pellentesque. Quisque ante risus, maximus quis purus
pellentesque, pulvinar tincidunt lacus. Interdum et malesuada fames ac ante ipsum primis
in faucibus. Curabitur eget purus ligula. Praesent vestibulum mauris arcu, quis sagittis est
ullamcorper nec. Nullam dapibus vehicula arcu quis convallis. Aenean nisi ante, sagittis
eget mi at, finibus lobortis sem. Orci varius natoque penatibus et magnis dis parturient
montes, nascetur ridiculus mus. Fusce nec vulputate sapien.

Mauris elit lacus, lacinia vel nisi quis, viverra bibendum turpis. Proin eget hendrerit sapien,
sit amet placerat nisi. Vestibulum ante ipsum primis in faucibus orci luctus et ultrices
posuere cubilia curae; Suspendisse fermentum congue sapien, euismod tincidunt augue
faucibus at. Suspendisse faucibus tellus eget orci viverra sodales. Donec justo ex, ultrices
vel ante sed, pellentesque semper turpis. Praesent viverra, est in tincidunt rhoncus, lorem
erat fermentum massa, id gravida ipsum nisl eget lorem. Nulla hendrerit tincidunt ipsum, sit
amet placerat lorem lobortis nec. Ut semper id metus sit amet fermentum. In interdum dolor
sapien, ac mollis massa sodales at. Pellentesque at sodales libero. Maecenas sagittis est
nulla. Cras non orci quam. Vestibulum consequat condimentum cursus. In eleifend erat
orci, et egestas velit convallis vitae.

Maecenas sit amet tortor vehicula, blandit nibh quis, consectetur dui. Aliquam mollis massa
enim, sit amet efficitur neque tempus faucibus. Etiam iaculis tellus et mauris interdum, in
iaculis urna aliquet. Praesent porttitor varius libero, at consectetur quam aliquam a. Donec
et elit vel tortor commodo interdum vel in purus. Aenean tempus iaculis nisi, vel aliquet
magna elementum eget. In hac habitasse platea dictumst. Proin at ullamcorper nulla, id
tincidunt ipsum. Nulla imperdiet lectus eu risus bibendum cursus. Nam fringilla sed lorem
non sodales. Sed at augue bibendum, ullamcorper diam et, euismod enim. Nunc accumsan
tincidunt est, eu fringilla felis rutrum eu. Curabitur vitae leo et augue rutrum lobortis sit amet
non ex. Nunc et tortor sem. Donec vel sapien consectetur, congue dui vel, iaculis elit. Nam
ut dui nibh.

Etiam orci lectus, porttitor eu sodales a, fermentum ut orci. In vitae eros ante. Class aptent
taciti sociosqu ad litora torquent per conubia nostra, per inceptos himenaeos. In fermentum
commodo dui eu ultrices. Aenean laoreet enim augue, ut dictum sapien semper quis. Ut ac
felis quis enim auctor fringilla nec eget ante. Ut et egestas velit, ut molestie metus. Morbi in
porttitor urna, at rutrum felis. Donec interdum ultrices massa, et interdum diam rutrum sit
","ut neque. Integer ac pharetra turpis, eu condimentum lorem. Vivamus scelerisque eleifend
arcu, ac pretium leo tempor tincidunt. Nam velit nisl, euismod a pellentesque ut, lacinia
suscipit magna. Donec in nulla a nulla pulvinar euismod. Donec ipsum odio, bibendum at
libero a, placerat vehicula purus. Vivamus diam odio, placerat ac eros a, congue fringilla
ligula. Sed sit amet vulputate dui. Nunc justo odio, malesuada eu mollis sit amet, volutpat
sit amet lorem. Suspendisse porttitor sit amet mauris at iaculis. Class aptent taciti sociosqu
ad litora torquent per conubia nostra, per inceptos himenaeos. Curabitur sed imperdiet
nune, sit amet euismod lectus. Mauris eu feugiat eros.

Donec vitae vehicula nulla. Nunc quam risus, semper eget justo quis, posuere lacinia
ipsum. Nullam interdum tempus pellentesque. Quisque ante risus, maximus quis purus
pellentesque, pulvinar tincidunt lacus. Interdum et malesuada fames ac ante ipsum primis
in faucibus. Curabitur eget purus ligula. Praesent vestibulum mauris arcu, quis sagittis est
ullamcorper nec. Nullam dapibus vehicula arcu quis convallis. Aenean nisi ante, sagittis
eget mi at, finibus lobortis sem. Orci varius natoque penatibus et magnis dis parturient
montes, nascetur ridiculus mus. Fusce nec vulputate sapien.

Mauris elit lacus, lacinia vel nisi quis, viverra bibendum turpis. Proin eget hendrerit sapien,
sit amet placerat nisi. Vestibulum ante ipsum primis in faucibus orci luctus et ultrices
posuere cubilia curae; Suspendisse fermentum congue sapien, euismod tincidunt augue
faucibus at. Suspendisse faucibus tellus eget orci viverra sodales. Donec justo ex, ultrices
vel ante sed, pellentesque semper turpis. Praesent viverra, est in tincidunt rhoncus, lorem
erat fermentum massa, id gravida ipsum nisl eget lorem. Nulla hendrerit tincidunt ipsum, sit
amet placerat lorem lobortis nec. Ut semper id metus sit amet fermentum. In interdum dolor
sapien, ac mollis massa sodales at. Pellentesque at sodales libero. Maecenas Sagittis est
nulla. Cras non orci quam. Vestibulum consequat condimentum cursus. In eleifend erat
orci, et egestas velit convallis vitae.

Maecenas sit amet tortor vehicula, blandit nibh quis, consectetur dui. Aliquam mollis massa
enim, sit amet efficitur neque tempus faucibus. Etiam iaculis tellus et mauris interdum, in
iaculis urna aliquet. Praesent porttitor varius libero, at consectetur quam aliquam a. Donec
et elit vel tortor commodo interdum vel in purus. Aenean tempus iaculis nisi, vel aliquet
magna elementum eget. In hac habitasse platea dictumst. Proin at ullamcorper nulla, id
tincidunt ipsum. Nulla imperdiet lectus eu risus bibendum cursus. Nam fringilla sed lorem
non sodales. Sed at augue bibendum, ullamcorper diam et, euismod enim. Nunc accumsan
tincidunt est, eu fringilla felis rutrum eu. Curabitur vitae leo et augue rutrum lobortis sit amet

non ex. Nunc et tortor sem. Donec vel sapien consectetur, congue dui vel, iaculis elit. Nam
ut dui nibh.

Etiam orci lectus, porttitor eu sodales a, fermentum ut orci. In vitae eros ante. Class aptent
taciti sociosqu ad litora torquent per conubia nostra, per inceptos himenaeos. In fermentum
commodo dui eu ultrices. Aenean laoreet enim augue, ut dictum sapien semper quis. Ut ac
felis quis €nim auctor fringilla nec €get ante. Ut et egestas Velit, ut molestie metus. Morbi in
porttitor urna, at rutrum felis. Donec interdum ultrices massa, et interdum diam rutrum sit

","ut neque. Integer ac pharetra turpis, eu condimentum lorem. Vivamus scelerisque eleifend
arcu, ac pretium leo tempor tincidunt. Nam velit nisl, euismod a pellentesque ut, lacinia
suscipit magna. Donec in nulla a nulla pulvinar euismod. Donec ipsum odio, bibendum at
libero a, placerat vehicula purus. Vivamus diam odio, placerat ac eros a, congue fringilla
ligula. Sed sit amet vulputate dui. Nunc justo odio, malesuada eu mollis sit amet, volutpat
amet lorem. Suspendisse porttitor sit amet mauris at iaculis. Class aptent taciti sociosqu
_torquent per conubia nostra, per inceptos himenaeos. Curabitur sed imperdiet
it euismod lectus. Mauris eu feugiat eros.

ula nulla. Nunc quam risus, semper eget justo quis, posuere lacinia
E dum tempus pellentesque. Quisque ante risus, Maximus quis purus
ue, pulvinar tincidunt lacus. Interdum et malesuada fames ac ante ipsum primis
s. Curabitur eget purus ligula. Praesent vestibulum mauris arcu, quis sagittis est
er nec. Nullam dapibus vehicula arcu quis convallis. Aenean nisi ante, sagittis
at, finibus lobortis sem. Orci varius natoque penatibus et magnis dis parturient
ascetur ridiculus mus. Fusce nec vulputate sapien.

elit lacus, lacinia vel nisi quis, viverra bibendum turpis. Proin eget hendrerit sapien,
st placerat nisi. Vestibulum ante ipsum primis in faucibus orci luctus et ultrices
€ cubilia curae; Suspendisse fermentum congue sapien, euismod tincidunt augue
at. Suspendisse faucibus tellus eget orci viverra sodales. Donec justo ex, ultrices
sed, pellentesque semper turpis. Praesent viverra, est in tincidunt rhoncus, lorem
entum massa, id gravida ipsum nisl eget lorem. Nulla hendrerit tincidunt ipsum, sit
lacerat lorem lobortis nec. Ut semper id metus sit amet fermentum. In interdum dolor
3c mollis massa sodales at. Pellentesque at sodales libero. Maecenas sagittis est
Sras non orci quam. Vestibulum consequat condimentum cursus. In eleifend erat
stas velit convallis vitae.

s sit amet tortor vehicula, blandit nibh quis, consectetur dui. Aliquam mollis massa
‘amet efficitur neque tempus faucibus. Etiam iaculis tellus et mauris interdum, in
na aliquet. Praesent porttitor varius libero, at consectetur quam aliquam a. Donec
| tortor commodo interdum vel in purus. Aenean tempus iaculis nisi, vel aliquet
Jementum eget. In hac habitasse platea dictumst. Proin at ullamcorper nulla, id
ipsum. Nulla imperdiet lectus eu risus bibendum cursus. Nam fringilla sed lorem
les. Sed at augue bibendum, ullamcorper diam et, euismod enim. Nunc accumsan
st, eu fringilla felis rutrum eu. Curabitur vitae leo et augue rutrum lobortis sit amet
unc et tortor sem. Donec vel sapien consectetur, congue dui vel, iaculis elit. Nam

us, porttitor eu sodales a, fermentum ut orci. In vitae eros ante. Class aptent
d litora torquent per conubia nostra, per inceptos himenaeos. In fermentum
ultrices. Aenean laoreet enim augue, ut dictum sapien semper quis. Ut ac
ictor fringilla nec eget ante. Ut et egestas velit, ut molestie metus. Morbi in
trum felis. Donec interdum ultrices massa, et interdum diam rutrum sit
","quis, viverra bibendur

tibulum ante ipsum prin

\
S = J
: |
1
1}
| Se \
yt i 1 5 AIS

aoreet enim augue, ut dictum sapien semper quis. Ut ac

st
"
7,7,"amet. Duis vulputate sapien neque, in dictum turpis lobortis at. Mauris ut fringilla est.
Suspendisse potenti.

Nunc cursus lorem sed elit molestie finibus. Curabitur quis volutpat magna. Ut bibendum
porta porta. Sed euismod orci vitae arcu posuere, eu luctus dolor fermentum. Proin
elementum justo sed lobortis mattis. Phasellus id lobortis est. Nulla finibus malesuada
diam, ac tempus mi molestie nec. Nulla facilisi. Sed luctus sit amet mi vel volutpat. Donec
imperdiet vestibulum neque, hendrerit auctor sem pretium et. Nulla feugiat id felis tristique
interdum. Donec gravida aliquam nis! vel pretium. Donec et arcu suscipit ligula sagittis
vestibulum et in mauris.

Nam eget quam iaculis, lacinia dui a, tempor nunc. Proin odio ipsum, tincidunt eget libero
eget, sagittis fermentum mi. Nulla facilisi. Donec tristique a arcu et accumsan. Sed vehicula
iaculis sem sed auctor. Ut imperdiet commodo rhoncus. In velit ipsum, elementum nec arcu
eget, posuere tempus ipsum. Phasellus auctor quis ex sed mollis.

Aenean bibendum elit non finibus rutrum. Morbi eleifend, magna non facilisis hendrerit, nis!
ante aliquam tellus, sed ullamcorper purus nisi a tellus. Maecenas est odio, venenatis id
enim eget, laoreet tincidunt sapien. Aliquam quam felis, malesuada et facilisis eu, tristique
in nibh. Nunc et augue non magna imperdiet luctus. Nam vitae aliquam ipsum. Donec
ultricies vitae lorem nec hendrerit. Etiam mi lorem, vestibulum at purus sit amet, feugiat
consectetur augue. Nunc ornare vitae eros non finibus. Mauris quis luctus purus, et lacinia
est. Nullam finibus efficitur ante, quis viverra mi porttitor ac. Nunc cursus ipsum nec tempus
facilisis.

Curabitur accumsan sem sit amet eros convallis pulvinar. Maecenas rhoncus sit amet
ipsum ut auctor. Proin feugiat tincidunt aliquet. Cras ac gravida lorem, posuere bibendum
diam. Cras tellus arcu, finibus vitae leo ut, dapibus aliquet lectus. Duis aliquet, diam id
tristique congue, turpis felis interdum ipsum, sit amet pharetra nisi orci non eros. Nunc ac
augue ac Massa accumsan consequat ac quis lacus. Duis porta lacus at viverra porttitor.
Nam malesuada, lectus non sodales tempus, lorem eros faucibus enim, sit amet commodo
ex mi ut lectus. Fusce convallis vestibulum vestibulum. Mauris ultrices condimentum
sodales. Donec consequat ipsum nisl, tincidunt rhoncus est iaculis id.

Aenean eget magna purus. Ut aliquet, tellus id eleifend blandit, velit est tempus nunc, id
commodo risus libero in justo. Pellentesque lobortis quam in nisl bibendum dignissim.
Maecenas gravida diam vitae ipsum rutrum, et eleifend arcu tincidunt. Cras lectus elit,
facilisis eu dictum eu, blandit sed mauris. Quisque eros ipsum, euismod id tincidunt et,
ultrices ut libero. Integer tincidunt, turpis lobortis euismod auctor, diam mi iaculis augue,
condimentum pellentesque neque justo id dolor. Sed tempor sem rhoncus euismod blandit.
Vivamus et luctus orci. Praesent tincidunt metus tempor dictum bibendum. Suspendisse eu
commodo nisi, in suscipit nulla. Aenean faucibus interdum dolor, vel gravida odio
ullamcorper in.

","amet. Duis vulputate sapien neque, in dictum turpis lobortis at. Mauris ut fringilla est.

Suspendisse potenti.

Nunc cursus lorem sed elit molestie finibus. Curabitur quis volutpat magna. Ut bibendum
porta porta. Sed euismod orci vitae arcu posuere, eu luctus dolor fermentum. Proin
elementum justo sed lobortis mattis. Phasellus id lobortis est. Nulla finibus malesuada
diam, ac tempus mi molestie nec. Nulla facilisi. Sed luctus sit amet mi vel volutpat. Donec
imperdiet vestibulum neque, hendrerit auctor sem pretium et. Nulla feugiat id felis tristique
interdum. Donec gravida aliquam nisl vel pretium. Donec et arcu suscipit ligula sagittis
vestibulum et in mauris.

Nam eget quam iaculis, lacinia dui a, tempor nunc. Proin odio ipsum, tincidunt eget libero
eget, sagittis fermentum mi. Nulla facilisi. Donec tristique a arcu et accumsan. Sed vehicula
iaculis sem sed auctor. Ut imperdiet commodo rhoncus. In velit ipsum, elementum nec arcu
eget, posuere tempus ipsum. Phasellus auctor quis ex sed mollis.

Aenean bibendum elit non finibus rutrum. Morbi eleifend, magna non facilisis hendrerit, nisl
ante aliquam tellus, sed ullamcorper purus nisi a tellus. Maecenas est odio, venenatis id
enim eget, laoreet tincidunt sapien. Aliquam quam felis, malesuada et facilisis eu, tristique
in nibh. Nunc et augue non magna imperdiet luctus. Nam vitae aliquam ipsum. Donec
ultricies vitae lorem nec hendrerit. Etiam mi-lorem, vestibulum at purus sit amet, feugiat
consectetur augue. Nunc ornare vitae eros non finibus. Mauris quis luctus purus, et lacinia
est. Nullam finibus efficitur ante, quis viverra mi porttitor ac. Nunc cursus ipsum nec tempus
facilisis.

Curabitur accumsan sem sit amet eros convallis pulvinar. Maecenas rhoncus sit amet
ipsum ut auctor. Proin feugiat tincidunt aliquet. Cras ac gravida lorem, posuere bibendum
diam. Cras tellus arcu, finibus vitae leo ut, dapibus aliquet lectus. Duis aliquet, diam id
tristique congue, turpis felis interdum ipsum, sit amet pharetra nisi orci non eros. Nunc ac
augue ac massa accumsan consequat ac quis lacus. Duis porta lacus at viverra porttitor.
Nam malesuada, lectus non sodales tempus, lorem eros faucibus enim, sit amet commodo
ex mi ut lectus. Fusce convallis vestibulum vestibulum. Mauris ultrices condimentum
sodales. Donec consequat ipsum nisl, tincidunt rhoncus est iaculis id.

Aenean eget magna purus. Ut aliquet, tellus id eleifend blandit, velit est tempus nunc, id
commodo risus libero in justo. Pellentesque lobortis quam in nis! bibendum dignissim.
Maecenas gravida diam vitae ipsum rutrum, et eleifend arcu tincidunt. Cras lectus elit,
facilisis eu dictum eu, blandit sed mauris. Quisque eros ipsum, euismod id tincidunt et,
ultrices ut libero. Integer tincidunt turpis lobortis euismod auctor, diam mi jaculis augue,
condimentum pellentesque neque jysto id dolor. Sed tempor sem rhoncus euismod blandit.
Vivamus et luctus orci. Praesent tincidunt metus tempor dictum bibendum. Suspendisse eu

~ commodo nisi, in suscipll nulla. Aenean faucibus interdum dolor, vel gravis odio
ullamcorper in. F

a
is

","‘turpis lobortis euismod auctor, diam mi iaculis augue,
jue justo id dolor. Sed tempor sem rhoncus euismod blandit.
tincidunt metus tempor dictum bibendum. Suspendisse eu

lla. Aenean faucibus interdum dolor, vel gravida odio

","sapien neque, in dictum turpis lobortis at. Mauris ut fringilla est.

estie finibus. Curabitur quis volutpat magna. Ut bibendum

vitae arcu posuere, eu luctus dolor fermentum. Proin
nattis. Phasellus id lobortis est. Nulla finibus malesuada
lulla facilisi. Sed luctus sit amet mi vel volutpat. Donec
rit auctor sem pretium et. Nulla feugiat id felis tristique
pretium. Donec et arcu suscipit ligula sagittis

por nunc. Proin odio ipsum, tincidunt eget libero
tristique a arcu et accumsan. Sed vehicula
honcus. In velit peu elementum nec arcu

fini bus. Mauris quis luctus purus, et lacinia
titor ac. Nunc cursus ipsum nec tempus

ibus aliquet lectus. Duis aliquet, diam id
amet pharetra nisi orci non eros. Nunc ac
acus. Duis porta lacus at viverra porttitor.
rem eros faucibus enim, sit amet commodo

turpis epettis euismod Alcor diam mi ijaculis arate.
sto id dolor. Sed tempor sem rhoncus euismod blandit.
"
8,8,"Ut sollicitudin luctus venenatis. Duis consectetur leo sit amet lorem porttitor eleifend.
Aenean porttitor eros a consectetur finibus. Curabitur id neque non neque gravida
euismod. Fusce justo lacus, fringilla vel odio non, scelerisque maximus arcu. Vivamus ut
lectus est. Vivamus faucibus, nisl quis lacinia pellentesque, neque nisi interdum tortor, ut
bibendum risus est vitae orci. Vestibulum quis auctor nulla. Etiam elementum neque nisl,
non iaculis eros aliquet quis. Orci varius natoque penatibus et magnis dis parturient
montes, nascetur ridiculus mus. Quisque pellentesque dapibus neque sit amet rhoncus.
Integer pellentesque faucibus turpis, vel vestibulum nis! dignissim vel. Suspendisse in nulla
lorem. Pellentesque habitant morbi tristique senectus et netus et malesuada fames ac
turpis egestas.

Vivamus volutpat neque vel pharetra tempor. Aenean sit amet metus eget leo mollis
egestas. Mauris sagittis turpis dui, eget varius sapien bibendum eget. Aenean id augue ut
nisl ullamcorper sollicitudin at sit amet lorem. Morbi eget nulla dui. Vestibulum ac dapibus
neque. Vivamus odio massa, molestie at urna in, dapibus bibendum turpis. Sed pharetra
lacinia sem. Pellentesque suscipit metus at tellus Sagittis, quis fringilla eros vulputate.
Vivamus efficitur purus ut lorem molestie cursus. Vestibulum viverra odio eu elit venenatis,
nec ultricies orci convallis. Suspendisse ac tempus ligula, ac aliquet risus. Mauris enim
ligula, egestas vel orci eget, gravida consequat mauris. Nunc scelerisque, lectus in
molestie efficitur, nibh orci pharetra orci, fermentum fringilla justo arcu at neque.

Aenean euismod quam sit amet efficitur suscipit. Nam mattis pulvinar tincidunt. Aenean mi
nibh, consequat vel pretium ut, molestie ut quam. Maecenas maximus, dolor et congue
aliquam, diam ipsum pulvinar risus, at sodales nisi quam non nisi. Vestibulum eu tellus
ultrices, efficitur eros nec, faucibus orci. Ut id odio eu augue egestas molestie. Mauris nec
ante urna. Nullam laoreet nulla sit amet ex pellentesque fringilla. Vestibulum porttitor justo
nisl, id pellentesque est interdum sed. In venenatis elit non fringilla mattis. Quisque rhoncus
et lectus in aliquam. Fusce sit amet scelerisque turpis. Integer finibus, ligula ac dapibus
mattis, sem enim porta urna, sit amet ultricies nisi lectus vel velit.

Sed et viverra diam. Aliquam vulputate neque sit amet vulputate commodo. Integer id lacus
consequat, malesuada arcu eget, aliquam mauris. Vestibulum risus mauris, sollicitudin id
velit vitae, eleifend aliquet mi. Fusce commodo nisl at diam mollis, id sodales est fringilla.
Nunc id dolor id erat congue consequat. Ut sagittis justo diam, nec sodales nunc ultricies
eget. Lorem ipsum dolor sit amet, consectetur adipiscing elit. Quisque sodales augue nec
ligula tempor, a posuere urna tempor. Ut lacinia magna eu tellus interdum egestas. Mauris
efficitur orci nec nisl lacinia accumsan. Praesent lacinia purus sed turpis pretium, sed
facilisis leo pretium. Integer lobortis nunc vel nisi scelerisque maximus. In cursus
scelerisque diam, non venenatis lorem hendrerit id. Ut mattis dui ut metus congue, vitae
porttitor odio ultricies.

Morbi vitae urna posuere, mollis metus et, dignissim orci. Phasellus dictum vel odio vel
egestas. Pellentesque rutrum cursus nunc, ac sodales sem accumsan a. Phasellus a
dapibus augue. Curabitur vitae lacus non lectus venenatis suscipit ut quis sapien. Duis
commodo nulla nulla, sit amet commodo nisl posuere a. Nullam scelerisque at magna quis

","Ut sollicitudin luctus venenatis. Duis consectetur leo sit amet lorem porttitor eleifend.
Aenean porttitor eros a consectetur finibus. Curabitur id neque non neque gravida
euismod. Fusce justo lacus, fringilla vel odio non, scelerisque maximus arcu. Vivamus ut
lectus est. Vivamus faucibus, nisl quis lacinia pellentesque, neque nisi interdum tortor, ut
bibendum risus est vitae orci. Vestibulum quis auctor nulla. Etiam elementum neque nisl,
non iaculis eros aliquet quis. Orci varius natoque penatibus et magnis dis parturient
montes, nascetur ridiculus mus. Quisque pellentesque dapibus neque sit amet rhoncus.
Integer pellentesque faucibus turpis, vel vestibulum nisl dignissim vel. Suspendisse in nulla

lorem. Pellentesque habitant morbi tristique senectus et netus et malesuada fames ac
turpis egestas.

Vivamus volutpat neque vel pharetra tempor. Aenean sit amet metus eget leo mollis
egestas. Mauris sagittis turpis dui, eget varius sapien bibendum eget. Aenean id augue ut
nis! ullamcorper sollicitudin at sit amet lorem. Morbi eget nulla dui. Vestibulum ac dapibus
neque. Vivamus odio massa, molestie at urna in, dapibus bibendum turpis. Sed pharetra
lacinia sem. Pellentesque suscipit metus at tellus sagittis, quis fringilla eros vulputate.
Vivamus efficitur purus ut lorem molestie cursus. Vestibulum viverra odio eu elit venenatis,
nec ultricies orci convallis. Suspendisse ac tempus ligula, ac aliquet risus. Mauris enim
ligula, egestas vel orci eget, gravida consequat mauris. Nunc scelerisque, lectus in
molestie efficitur, nibh orci pharetra orci, fermentum fringilla justo arcu at neque.

Aenean euismod quam sit amet efficitur suscipit. Nam mattis pulvinar tincidunt. Aenean mi
nibh, consequat vel pretium ut, molestie ut quam. Maecenas maximus, dolor et congue
aliquam, diam ipsum pulvinar risus, at sodales nisi quam non nisi. Vestibulum eu tellus
ultrices, efficitur eros nec, faucibus orci. Ut id odio eu augue egestas molestie. Mauris nec
ante urna. Nullam laoreet nulla sit amet ex pellentesque fringilla. Vestibulum porttitor justo
nisl, id pellentesque est interdum sed. In venenatis elit non fringilla mattis. Quisque rhoncus
et lectus in aliquam. Fusce sit amet scelerisque turpis. Integer finibus, ligula ac dapibus
mattis, sem enim porta urna, sit amet ultricies nisi lectus vel velit.

Sed et viverra diam. Aliquam vulputate neque sit amet vulputate commodo. Integer id lacus
consequat, malesuada arcu eget, aliquam mauris. Vestibulum risus mauris, sollicitudin id
velit vitae, eleifend aliquet mi. Fusce commodo nisl at diam mollis, id sodales est fringilla.
Nunc id dolor id erat congue consequat. Ut sagittis justo diam, nec sodales nunc ultricies
eget. Lorem ipsum dolor sit amet, consectetur adipiscing elit. Quisque sodales augue nec
ligula tempor, a posuere urna tempor. Ut lacinia magna eu tellus interdum egestas. Mauri

efficitur orci nec nisl lacinia accumsan. Praesent lacinia purus sed turpis preuunn ae
facilisis leo pretium. Integer lobortis nunc vel nisi scelerisque maximus.

scelerisque diam, non venenatis lorem hendrerit id. Ut mattis dui ut m In curctls
porttitor odio ultricies. €tus congue, vitae
","Ut sollicitudin luctus venenatis. Duis consectetur leo sit amet lorem porttitor eleifend.
Aenean porttitor eros a consectetur finibus. Curabitur id neque non neque gravida
euismod. Fusce justo lacus, fringilla vel odio non, scelerisque maximus arcu. Vivamus ut
_ lectus est. Vivamus faucibus, nisl quis lacinia pellentesque, neque nisi interdum tortor, ut
ibendum risus est vitae orci. Vestibulum quis auctor nulla. Etiam elementum neque nisl,
laculis eros aliquet quis. Orci varius natoque penatibus et magnis dis parturient
nascetur ridiculus mus. Quisque pellentesque dapibus neque sit amet rhoncus.
dellentesque faucibus turpis, vel vestibulum nisl dignissim vel. Suspendisse in nulla

llentesque habitant morbi tristique senectus et netus et malesuada fames ac
fas.

; volutpat neque vel pharetra tempor. Aenean sit amet metus eget leo mollis
Mauris sagittis turpis dui, eget varius sapien bibendum eget. Aenean id augue ut
amcorper sollicitudin at sit amet lorem. Morbi eget nulla dui. Vestibulum ac dapibus
Vivamus odio massa, molestie at urna in, dapibus bibendum turpis. Sed pharetra
‘sem. Pellentesque suscipit metus at tellus sagittis, quis fringilla eros vulputate.
US efficitur purus ut lorem molestie cursus. Vestibulum viverra odio eu elit venenatis,
lificies orci convallis. Suspendisse ac tempus ligula, ac aliquet risus. Mauris enim
gestas vel orci eget, gravida consequat mauris. Nunc scelerisque, lectus in
efficitur, nibh orci pharetra orci, fermentum fringilla justo arcu at neque.

euismod quam sit amet efficitur suscipit. Nam mattis pulvinar tincidunt. Aenean mi
nsequat vel pretium ut, molestie ut quam. Maecenas maximus, dolor et congue

diam ipsum pulvinar risus, at sodales nisi quam non nisi. Vestibulum eu tellus
efficitur eros nec, faucibus orci. Ut id odio eu augue egestas molestie. Mauris nec
na. Nullam laoreet nulla sit amet ex pellentesque fringilla. Vestibulum porttitor justo
pellentesque est interdum sed. In venenatis elit non fringilla mattis. Quisque rhoncus
lus in aliquam. Fusce sit amet scelerisque turpis. Integer finibus, ligula ac dapibus
3, $ em enim porta urna, sit amet ultricies nisi lectus vel velit.

[viverra diam. Aliquam vulputate neque sit amet vulputate commodo. Integer id lacus
iquat, malesuada arcu eget, aliquam mauris. Vestibulum risus mauris, sollicitudin id
ae, eleifend aliquet mi. Fusce commodo nisl at diam mollis, id sodales est fringilla.
id dolor id erat congue consequat. Ut sagittis justo diam, nec sodales nunc ultricies
rem ipsum dolor sit amet, consectetur adipiscing elit. Quisque sodales augue nec
fempor, a posuere urna tempor. Ut lacinia magna eu tellus interdum egestas. Mauris
orci nec nisl lacinia accumsan. Praesent lacinia purus sed turpis pretium, sed
> pretium. Integer lobortis nunc vel nisi scelerisque maximus. In cursus
1, non venenatis lorem hendrerit id. Ut mattis dui ut metus congue, vitae

lere, mollis metus et, dignissim orci. Phasellus dictum vel odio vel
rutrum cursus nunc, ac sodales sem accumsan a. Phasellus a
tur vitae lacus non lectus venenatis suscipit ut quis sapien. Duis
met commodo nisl posuere a. Nullam scelerisque at magna quis
","ie outs Venenatis. Duis consectetur leo sit amet lorem porttitor eleifend.
% Or eros a consectetur finibus. Curabitur id neque non neque gravida
mod. Fusce justo lacus, fringilla vel odio non, scelerisque maximus arcu. Vivamus ut
t. Vivamus faucibus, nis! quis lacinia pellentesque, neque nisi interdum tortor, ut
M risus est vitae orci. Vestibulum quis auctor nulla. Etiam elementum neque nisl,
ros aliquet quis. Orci varius natoque penatibus et magnis dis parturient
ur ridiculus mus. Quisque pellentesque dapibus neque sit amet rhoncus.
ssque faucibus turpis, vel vestibulum nisl dignissim vel. Suspendisse in nulla
jue habitant morbi tristique senectus et netus et malesuada fames ac

at neque vel pharetra tempor. Aenean sit amet metus eget leo mollis
auris sagittis turpis dui, eget varius sapien bibendum eget. Aenean id augue ut
orper sollicitudin at sit amet lorem. Morbi eget nulla dui. Vestibulum ac dapibus
mus odio massa, molestie at urna in, dapibus bibendum turpis. Sed pharetra
Pellentesque suscipit metus at tellus sagittis, quis fringilla eros vulputate.
fficitur purus ut lorem molestie cursus. Vestibulum viverra odio eu elit venenatis,
s orci convallis. Suspendisse ac tempus ligula, ac aliquet risus. Mauris enim
tas vel orci eget, gravida consequat mauris. Nunc scelerisque, lectus in
tur, nibh orci pharetra orci, fermentum fringilla justo arcu at neque.

Jismod quam sit amet efficitur suscipit. Nam mattis pulvinar tincidunt. Aenean mi
sequat vel pretium ut, molestie ut quam. Maecenas maximus, dolor et congue
m ipsum pulvinar risus, at sodales nisi quam non nisi. Vestibulum eu tellus
citur eros nec, faucibus orci. Ut id odio eu augue egestas molestie. Mauris nec
Nullam laoreet nulla sit amet ex pellentesque fringilla. Vestibulum porttitor justo
sntesque est interdum sed. In venenatis elit non fringilla mattis. Quisque rhoncus
liquam. Fusce sit amet scelerisque turpis. Integer finibus, ligula ac dapibus
nim porta urna, sit amet ultricies nisi lectus vel velit.

erra diam. Aliquam vulputate neque sit amet vulputate commodo. Integer id lacus
n alesuada arcu eget, aliquam mauris. Vestibulum risus mauris, sollicitudin id
eleifend aliquet mi. Fusce commodo nis! at diam mollis, id sodales est fringilla.

r id erat congue consequat. Ut sagittis justo diam, nec sodales nunc ultricies
ipsum dolor sit amet, consectetur adipiscing elit. Quisque sodales augue nec
a posuere urna tempor. Ut lacinia magna eu tellus interdum egestas. Mauris
ec nisl lacinia accumsan. Praesent lacinia purus sed turpis pretium, sed
gretium. Integer lobortis nunc vel nisi scelerisque maximus. In cursus
am, non venenatis lorem hendrerit id. Ut mattis dui ut metus congue, vitae

Ss.

ere, mollis metus et, dignissim orci. Phasellus dictum vel odio vel
jUe rutrum cursus nunc, ac sodales sem accumsan a. Phasellus a
bitur vitae lacus non lectus venenatis suscipit ut quis sapien. Duis
it amet commodo nisl posuere a. Nullam scelerisque at magna quis
"
9,9,"tempor. Aliquam vel gravida lectus. Aliquam scelerisque nisl et leo cursus tincidunt.
Pellentesque et metus orci. Curabitur volutpat sit amet nibh ultrices auctor. Nunc bibendum
sapien id sem cursus, quis scelerisque ex eleifend. Suspendisse tortor sapien, pharetra sit
amet ullamcorper dictum, blandit in nisi. Duis venenatis nisl eu leo scelerisque lacinia.
Donec lobortis, turpis eleifend luctus molestie, arcu diam posuere sapien, aliquet egestas
leo nulla quis ipsum. Cras a libero in dui mattis maximus vel nec lacus.

Proin viverra dolor turpis, nec imperdiet magna sollicitudin nec. Integer convallis leo
mauris, eu posuere ligula egestas a. Vivamus convallis, libero sit amet condimentum
ultrices, urna justo rutrum orci, id accumsan sapien nunc id lorem. Pellentesque habitant
morbi tristique senectus et netus et malesuada fames ac turpis egestas. Nunc ac molestie
nibh, quis imperdiet libero. Vestibulum nisi nulla, commodo ut volutpat ut, commodo quis
dui. Morbi ipsum sem, congue vel nulla eget, ullamcorper congue erat. In mollis volutpat
tortor sit amet convallis. Aenean vitae auctor leo. Fusce massa lacus, aliquet a laoreet at,
commodo eu tortor.

Aenean pulvinar id neque id rutrum. Duis consectetur ornare sodales. Pellentesque finibus
sollicitudin dolor, eu ultricies est egestas sit amet. Quisque tincidunt justo vel auctor
efficitur. Pellentesque a pretium sem. Proin ac velit eget lorem mollis porta eu eu turpis.
Quisque dignissim nisi at tortor lobortis, non ornare nunc suscipit. Duis quis lobortis ligula.
Quisque interdum ex nisl, quis sagittis tellus pulvinar at. Nulla facilisi. Aliquam commodo
eleifend ex. Aenean luctus nec nisi ac pellentesque. Integer nec pellentesque felis.
Suspendisse in diam aliquam, fringilla elit non, venenatis neque.

Quisque ut sem in velit varius rutrum sed non quam. Morbi ac purus convallis, facilisis risus
ut, tincidunt magna. Pellentesque pretium tellus nec nulla efficitur malesuada. Morbi arcu
ante, luctus id posuere viverra, euismod tincidunt metus. Mauris semper massa in mauris
ultricies, interdum accumsan nunc placerat. Nunc tincidunt sed metus non facilisis. Nam
eleifend risus vel orci efficitur, quis sollicitudin dui tincidunt. Pellentesque neque leo,
hendrerit eget dapibus non, vestibulum at quam. Pellentesque pellentesque ante eu
lobortis pellentesque.

Nulla ultricies elit vel neque rhoncus placerat. Morbi id tortor magna. Fusce rutrum suscipit
felis id egestas. Donec luctus sodales eleifend. Interdum et malesuada fames ac ante
ipsum primis in faucibus. Ut feugiat arcu sed felis interdum tempor. Ut rhoncus neque in
mauris aliquet, eu aliquam leo sollicitudin. Mauris dictum nisl quis nulla interdum, ac
consequat lacus vulputate. Pellentesque enim arcu, tempus ac augue et, consectetur
finibus lacus. Orci varius natoque penatibus et magnis dis parturient montes, nascetur
ridiculus mus. Suspendisse vulputate ipsum euismod, volutpat erat et, fermentum mauris.

Nam vitae mi ut sapien pellentesque convallis. Aenean ornare convallis metus, non lacinia
neque lacinia maximus. Proin porta mollis orci, nec imperdiet ipsum. Curabitur eleifend,
erat vel feugiat tempus, ante erat congue turpis, at tristique odio diam quis enim. Nunc
consectetur, arcu a pretium accumsan, diam diam congue orci, ac maximus dui tortor non
","tempor. Aliquam vel gravida lectus. Aliquam scelerisque nisl et leo cursus tincidunt.
Pellentesque et metus orci. Curabitur volutpat sit amet nibh ultrices auctor. Nunc bibendum
sapien id sem cursus, quis scelerisque ex eleifend. Suspendisse tortor sapien, pharetra sit
amet ullamcorper dictum, blandit in nisi. Duis venenatis nis! eu leo scelerisque lacinia.
Donec lobortis, turpis eleifend luctus molestie, arcu diam posuere sapien, aliquet egestas
leo nulla quis ipsum. Cras a libero in dui mattis maximus vel nec lacus.

Proin viverra dolor turpis, nec imperdiet magna sollicitudin nec. Integer convallis leo
mauris, eu posuere ligula egestas a. Vivamus convallis, libero sit amet condimentum
ultrices, urna justo rutrum orci, id accumsan sapien nunc id lorem. Pellentesque habitant
morbi tristique senectus et netus et malesuada fames ac turpis egestas. Nunc ac molestie
nibh, quis imperdiet libero. Vestibulum nisi nulla, commodo ut volutpat ut, commodo quis
dui. Morbi ipsum sem, congue vel nulla eget, ullamcorper congue erat. In mollis volutpat
tortor sit amet convallis. Aenean vitae auctor leo. Fusce massa lacus, aliquet a laoreet at,
commodo eu tortor.

Aenean pulvinar id neque id rutrum. Duis consectetur ornare sodales. Pellentesque finibus
sollicitudin dolor, eu ultricies est egestas sit amet. Quisque tincidunt justo vel auctor
efficitur. Pellentesque a pretium sem. Proin ac velit eget lorem mollis porta eu eu turpis.
Quisque dignissim nisi at tortor lobortis, non ornare nunc suscipit. Duis quis lobortis ligula.
Quisque interdum ex nisl, quis sagittis tellus pulvinar at. Nulla facilisi. Aliquam commodo
eleifend ex. Aenean luctus nec nisi ac pellentesque. Integer nec pellentesque felis.
Suspendisse in diam aliquam, fringilla elit non, venenatis neque.

Quisque ut sem in velit varius rutrum sed non quam. Morbi ac purus convallis, facilisis risus
ut, tincidunt magna. Pellentesque pretium tellus nec nulla efficitur malesuada. Morbi arcu
ante, luctus id posuere viverra, euismod tincidunt metus. Mauris semper massa in mauris
ultricies, interdum accumsan nunc placerat. Nunc tincidunt sed metus non facilisis. Nam
eleifend risus vel orci efficitur, quis sollicitudin dui tincidunt. Pellentesque neque leo,
hendrerit eget dapibus non, vestibulum at quam. Pellentesque pellentesque ante eu
lobortis pellentesque.

Nulla ultricies elit vel neque rhoncus placerat. Morbi id tortor magna. Fusce rutrum suscipit
felis id egestas. Donec luctus sodales eleifend. Interdum et malesuada fames ac ante
ipsum primis in faucibus. Ut feugiat arcu sed felis interdum tempor. Ut rhoncus neque in
mauris aliquet, eu aliquam leo sollicitudin. Mauris dictum nisl quis nulla interdum, ac
consequat lacus vulputate. Pellentesque enim arcu, tempus ac augue et, consectetur
finibus lacus. Orci varius natoque penatibus et magnis dis parturient montes, nascetur
ridiculus mus. Suspendisse vulputate ipsum euismod, volutpat erat et, fermentum mauris.

Nam vitae mi ut sapien pellentesque convallis. Aenean ornare convallis metus, non lacinia
neque lacinia maximus. Proin porta mollis orci, nec imperdiet ipsum. Curabitur eleifend,
erat vel feugiat tempus, ante erat congue turpis, at tristique odio diam quis enim. Nunc
consectetur, arcu a pretium accumsan, diam diam congue orci, ac maximus dui tortor non
",". Aliquam scelerisque nisl et leo cursus tincidunt.
r volutpat sit amet nibh ultrices auctor. Nunc bibendum
e ex eleifend. Suspendisse tortor sapien, pharetra sit
isi. Duis venenatis nis! eu leo scelerisque lacinia.
1olestie, arcu diam posuere sapien, aliquet egestas
i mattis maximus vel nec lacus.

iet magna sollicitudin nec. Integer convallis leo
ivamus convallis, libero sit amet condimentum
msan sapien nunc id lorem. Pellentesque habitant
esuada fames ac turpis egestas. Nunc ac molestie

posuere viverra, euismod tincidunt metus. Mauris semper massa in mauris
‘dum accumsan nunc placerat. Nunc tincidunt sed metus non facilisis. Nam
s vel orci efficitur, quis sollicitudin dui tincidunt. Pellentesque neque leo,
get dapibus non, vestibulum at quam. Pellentesque pellentesque ante eu

elit vel neque rhoncus placerat. Morbi id tortor magna. Fusce rutrum suscipit
as. Donec luctus sodales eleifend. Interdum et malesuada fames ac ante
in faucibus. Ut feugiat arcu sed felis interdum tempor. Ut rhoncus neque in
_ eu aliquam leo sollicitudin. Mauris dictum nis] quis nulla interdum, ac
acus vulputate. Pellentesque enim arcu, tempus ac augue et, consectetur
‘Orci varius natoque penatibus et magnis dis parturient montes, nascetur
spendisse vulputate ipsum euismod, volutpat erat et, fermentum mauris.

ellentesque convallis. Aenean ornare convallis metus, non lacinia
Proin porta mollis orci, nec imperdiet ipsum. Curabitur eleifend,
ante erat congue turpis, at tristique odio diam quis enim. Nunc
lum accumsan, diam diam congue orci, ac maximus dui tortor non
","tempor. Aliquam vel gravida lectus. Aliquam scelerisque nis! et leo cursus tincidunt.
Pellentesque et metus orci. Curabitur volutpat sit amet nibh ultrices auctor. Nunc bibendum
sapien id sem cursus, quis scelerisque ex eleifend. Suspendisse tortor sapien, pharetra sit
amet ullamcorper dictum, blandit in nisi. Duis venenatis nis! eu leo scelerisque lacinia.
Donec lobortis, turpis eleifend luctus molestie, arcu diam posuere sapien, aliquet egestas
leo nulla quis ipsum. Cras a libero in dui mattis maximus vel nec lacus.

Proin viverra dolor turpis, nec imperdiet magna sollicitudin nec. Integer convallis leo
mauris, eu posuere ligula egestas a. Vivamus convallis, libero sit amet condimentum
ultrices, urna justo rutrum orci, id accumsan sapien nunc id lorem. Pellentesque habitant
morbi tristique senectus et netus et malesuada fames ac turpis egestas. Nunc ac molestie
nibh, quis imperdiet libero. Vestibulum nisi nulla, commodo ut volutpat ut, commodo quis
dui. Morbi ipsum sem, congue vel nulla eget, ullamcorper congue erat. In mollis volutpat
tortor sit amet convallis. Aenean vitae auctor leo. Fusce massa lacus, aliquet a laoreet at,
commodo eu tortor.

Aenean pulvinar id neque id rutrum. Duis consectetur ornare sodales. Pellentesque finibus
sollicitudin dolor, eu ultricies est egestas sit amet. Quisque tincidunt justo vel auctor
efficitur. Pellentesque a pretium sem. Proin ac velit eget lorem mollis porta eu eu turpis.
Quisque dignissim nisi at tortor lobortis, non ornare nunc suscipit. Duis quis lobortis ligula.
Quisque interdum ex nisl, quis sagittis tellus pulvinar at. Nulla facilisi. Aliquam commodo
eleifend ex. Aenean luctus nec nisi ac pellentesque. Integer nec pellentesque felis.
Suspendisse in diam aliquam, fringilla elit non, venenatis neque.

Quisque ut sem in velit varius rutrum sed non quam. Morbi ac purus convallis, facilisis risus
ut, tincidunt magna. Pellentesque pretium tellus nec nulla efficitur malesuada. Morbi arcu
ante, luctus id posuere viverra, euismod tincidunt metus. Mauris semper massa in mauris
ultricies, interdum accumsan nunc placerat. Nunc tincidunt sed metus non facilisis. Nam
eleifend risus vel orci efficitur, quis sollicitudin dui tincidunt. Pellentesque neque leo,
hendrerit eget dapibus non, vestibulum at quam. Pellentesque pellentesque ante eu
lobortis pellentesque.

Nulla ultricies elit vel neque rhoncus placerat. Morbi id tortor magna. Fusce rutrum suscipit
felis id egestas. Donec luctus sodales eleifend. Interdum et malesuada fames ac ante
ipsum primis in faucibus. Ut feugiat arcu sed felis interdum tempor. Ut rhoncus neque in
mauris aliquet, eu aliquam leo sollicitudin. Mauris dictum nis! quis nulla interdum, ac
consequat lacus vulputate. Pellentesque enim arcu, tempus ac augue et, consectetur
finibus lacus. Orci varius natoque penatibus et magnis dis parturient montes, nascetur
ridiculus mus. Suspendisse vulputate ipsum euismod, volutpat erat et, fermentum mauris.

Nam vitae mi ut sapien pellentesque convallis. Aenean ornare convallis metus, non lacinia
neque lacinia maximus. Proin porta mollis orci, nec imperdiet ipsum. Curabitur eleifend,
erat vel feugiat tempus, ante erat congue turpis, at tristique odio diam quis enim. Nunc
consectetur, arcu a pretium accumsan, diam diam congue orci, ac maximus dui tortor non
"
10,10,"sem. Aliquam justo elit, dignissim in dui at, blandit rhoncus neque. Phasellus ac euismod
mi. Sed imperdiet consectetur felis, ac luctus felis tincidunt eget. Class aptent taciti
sociosqu ad litora torquent per conubia nostra, per inceptos himenaeos. Nullam convallis
eros vel erat maximus accumsan. Nulla sit amet euismod tortor. Maecenas vitae dolor
pharetra, vulputate tellus at, iaculis nulla. Sed elementum mattis accumsan. Phasellus
eleifend vulputate velit, quis vulputate massa porttitor a. Vivamus in libero mi. Fusce non
justo viverra, facilisis nibh a, consequat lectus.

Fusce efficitur ligula at dapibus consequat. Duis nec erat convallis, luctus ipsum vitae,
convallis magna. Integer erat urna, accumsan in pellentesque ac, hendrerit efficitur orci.
Aenean sollicitudin ex vitae orci fermentum blandit. Curabitur consectetur dolor sit amet
ligula aliquet, id pulvinar nisi blandit. Duis in purus ligula. Morbi porta suscipit metus. In non
aliquet tortor.

Nam faucibus, mi sed viverra hendrerit, mi massa volutpat massa, ac tincidunt turpis diam
a urna. Vestibulum mollis purus id condimentum pretium. Nam faucibus, libero vel rhoncus
tempor, nibh nibh malesuada arcu, quis finibus dui sem interdum elit. Quisque blandit est
ex, nec lacinia elit auctor ut. Curabitur vel felis ex. Orci varius natoque penatibus et magnis
dis parturient montes, nascetur ridiculus mus. Phasellus ultricies at ex eget sollicitudin.
Donec gravida nisi quam. Suspendisse ante odio, maximus vel pellentesque quis, dapibus
sit amet purus. Vivamus metus lectus, rhoncus aliquet sagittis non, varius nec nisi. Lorem
ipsum dolor sit amet, consectetur adipiscing elit. Sed aliquet sapien non commodo
sollicitudin.

Ut pulvinar, nisi at congue congue, arcu augue porttitor tortor, quis fringilla dolor elit vel
lorem. Vestibulum accumsan lectus vel mauris efficitur fringilla. Sed sodales gravida mattis.
Fusce maximus libero sed diam facilisis, in dapibus ipsum blandit. Donec dapibus tincidunt
dolor, ut ullamcorper neque convallis nec. Aenean tristique, erat quis molestie vulputate,
neque nis! pulvinar turpis, quis hendrerit nis! sapien vitae sem. Mauris mattis tincidunt
turpis non varius.

Aliquam eget purus malesuada, bibendum sapien quis, fermentum turpis. Sed quis purus
odio. Sed semper ante mi. Curabitur lorem ligula, malesuada eu mauris id, tempus suscipit
nisl. Aenean augue ante, hendrerit ut lacus et, viverra euismod leo. Duis lacinia posuere
lorem, eu vehicula lorem faucibus vel. Aenean eros felis, blandit rutrum tortor malesuada,
laoreet lobortis arcu. Aenean metus nisi, porttitor non arcu id, mollis malesuada elit.
Quisque eu nunc volutpat, fermentum erat finibus, ultricies dui.

Aliquam tellus ipsum, iaculis pellentesque blandit in, dignissim quis odio. Pellentesque
feugiat pharetra tellus, ac posuere augue ultricies a. Nam lorem nisi, faucibus sed
pellentesque eu, eleifend non sapien. Cras luctus maximus lectus, ac tempus metus
pharetra at. Vivamus finibus velit eu justo rhoncus finibus. Mauris quis placerat metus, ac
eleifend nunc. Praesent mauris tortor, lobortis sed lectus et, volutpat aliquet velit. Etiam ac
posuere urna, nec facilisis eros. Aliquam luctus neque aliquet congue varius. Donec sit
","sem. Aliquam justo elit, dignissim in dui at, blandit rhoncus neque: Phasellus ac euismod
mi. Sed imperdiet consectetur fells, ac luctus felis-tincidunt e9°' Class aptent taciti
sociosqu ad litora forquent per conubia nostra, per jnceptos himeNae°s- Nullam convallis

eros vel erat maximus accumsan. Nulla sit amet euismod tortor. Maecenas vitae dolor

iaculis nulla. Seq ejementum mattis accumsan. Phasellus:

pharetra, vulputate tellus at,
non

eleifend vulputate velit, quis vulputate massa porttitor a. Vivamus in libero mi. Fusc?
justo viverra, facilisis nibh a, consequat lectus.

Fusce efficitur ligula at dapibus consequat. Duis nec erat convallis, luctus ips¥U™ Vitae,
convallis magna. \nteger erat urna, accumsan in pellentesque ac, hendrerit efficitur orci.
Aenean sollicitudin ex Vitae orci fermentum blandit. Curabitur consectetur dolor sit amet
ligula aliquet, id pulvinar nisi blandit. Duis in purus ligula. Morbi porta suscipit metus. In non

aliquet tortor.
Nam faucibus, mi sed viverra hendrerit, Mi massa volutpat massa, ac tincidunt turpis diam
a uma. Vestibulum mollis purus id condimentum pretium, Nam faucibus, libero vel rhoncus
tempor, nibh nibh malesuada arcu, quis finibus dui sem interdum elit. Quisque blandit est
ex, nec lacinia elit auctor ut. Curabitur vel felis ex. Orci varius natoque penatibus et magnis
dis parturient montes, nascetur ridiculus mus. Phasellus ultricies at ex eget sollicitudin.
Donec gravida nisi quam. Suspendisse ante odio, maximus vel pellentesque quis, dapibus
sit amet purus. Vivamus metus lectus, rhoncus aliquet sagittis non, varius nec nisi. Lorem
ipsum dolor sit amet, consectetur adipiscing elit. Sed aliquet sapien non commodo

sofficitudin.

Ut pulvinar, nisi at congue congue, arcu augue porttitor tortor, quis fringilla dolor elit vel
lorem. Vestibulum accumsan lectus vel mauris efficitur fringilla. Sed sodales gravida mattis.
Fusce ‘maximus libero sed diam facilisis, in dapibus ipsum blandit. Donec dapibus tincidunt
dolor, ut ullamcorper neque convallis nec. Aenean tristique, erat quis molestie vulputate,
neque nisl pulvinar turpis, quis hendrerit nisl sapien vitae sem. Mauris mattis tincidunt

turpis non varius.

Aliquam eget purus malesuada, bibendum sapien quis, fermentum turpis. Sed quis purus
odio. Sed semper ante mi. Curabitur lorem ligula, malesuada eu mauris id tempus suscipit
nisl. Aenean augue ante, hendrerit ut lacus et, viverra euismod leo. Bie lacinia posuere
lorem, eu vehicula lorem faucibus vel: Aenean eros felis, blandit rutrum tortor malesuada
laoreet lobortis arcu. Aenean metus nisi, porttitor,non arcu id mollis malesuada it.
Quisque eu nunc volutpat, fermentum erat finibus, ultricies dui. . ag

Aliquam tellus ipsum, iaculis pellentesque blandit in, dignissim quis odio. Pellentesque
feugiat pharetra tellus, ac fdlh augue ultricies a. Nam lorem nisi faucibus is
pellentesque eu, eleifend non Sapien. Cras luctus maximus lectus, ac tempus metus

pharetra at. Vivamus finibus velit eu justo rhoncus finibus. Mauris quis placerat metus ac (

eleifend nunc. Praesent mauris pis lobortis sed lectus et, volutpat aliquet velit. Etiam ac
posuere urna, nec facilisis eros. Aliquam luctus neque aliquet congue varius, Donec sit

y

","elit, dignissim in dui at, blandit rhoncus neque. Phasellus ac euismod
consectetur felis, ac luctus felis tincidunt eget. Class aptent taciti
torquent per conubia nostra, per inceptos himenaeos. Nullam convallis

us accumsan. Nulla sit amet euismod tortor. Maecenas vitae dolor
tellus at, iaculis nulla. Sed elementum mattis accumsan. Phasellus

velit, quis vulputate massa porttitor a. Vivamus in libero mi. Fusce non
is nibh a, consequat lectus.

RS : :

a at dapibus consequat. Duis nec erat convallis, luctus ipsum vitae,
nteger erat urna, accumsan in pellentesque ac, hendrerit efficitur orci.
€x vitae orci fermentum blandit. Curabitur consectetur dolor sit amet

Vinar nisi blandit. Duis in purus ligula. Morbi porta suscipit metus. In non

sd viverra hendrerit, mi massa volutpat massa, ac tincidunt turpis diam
n mollis purus id condimentum pretium. Nam faucibus, libero vel rhoncus
nalesuada arcu, quis finibus dui sem interdum elit. Quisque blandit est
uctor ut. Curabitur vel felis ex. Orci varius natoque penatibus et magnis
, nascetur ridiculus mus. Phasellus ultricies at ex eget sollicitudin.
am. Suspendisse ante odio, maximus vel pellentesque quis, dapibus
us metus lectus, rhoncus aliquet sagittis non, varius nec nisi. Lorem
et, consectetur adipiscing elit. Sed aliquet sapien non commodo

Ngue congue, arcu augue porttitor tortor, quis fringilla dolor elit vel
umsan lectus vel mauris efficitur fringilla. Sed sodales gravida mattis.
sed diam facilisis, in dapibus ipsum blandit. Donec dapibus tincidunt
Neque convallis nec. Aenean tristique, erat quis molestie vulputate,
turpis, quis hendrerit nisl sapien vitae sem. Mauris mattis tincidunt

‘malesuada, bibendum sapien quis, fermentum turpis. Sed quis purus
ante mi. Curabitur lorem ligula, malesuada eu mauris id, tempus suscipit
ean augue ante, hendrerit ut lacus et, viverra euismod leo. Duis lacinia posuere

vehicula lorem faucibus vel. Aenean eros felis, blandit rutrum tortor malesuada,
obortis arcu. Aenean metus nisi, porttitor non arcu id, mollis malesuada elit.
nunc volutpat, fermentum erat finibus, ultricies dui.

_ iaculis pellentesque blandit in, dignissim quis odio. Pellentesque
3 lus, ac posuere augue ultricies a. Nam lorem nisi, faucibus sed
leifend non sapien. Cras luctus maximus lectus, ac tempus metus
iS finibus velit eu justo rhoncus finibus. Mauris quis placerat metus, ac
pt mauris tortor, lobortis sed lectus et, volutpat aliquet velit. Etiam ac
","a

msan lectus vel mauris efficitur fringilla. Sed sodales gravida mattis.

© sed diam facilisis, in dapibus ipsum blandit. Donec dapibus tincidunt
er neque convallis nec. Aenean tristique, erat quis molestie vulputate,
turpis, quis hendrerit nisl sapien vitae sem. Mauris mattis tincidunt

/malesuada, bibendum sapien quis, fermentum turpis. Sed quis purus
ante mi. Curabitur lorem ligula, malesuada eu mauris id, tempus suscipit
ue ante, hendrerit ut lacus et, viverra euismod leo. Duis lacinia posuere

la lorem faucibus vel. Aenean eros felis, blandit rutrum tortor malesuada,
arcu. Aenean metus nisi, porttitorynon arcu id, mollis malesuada elit.

olutpat, fermentum erat finibus, ultricies dui.

ulis pellentesque blandit in, dignissim quis odio. Pellentesque
ac posuere augue ultricies a. Nam lorem nisi, faucibus sed
mon Sapien. Cras luctus maximus lectus, aC tempus metus
velit eu justo rhoncus finibus. Mauris quis placerat metus, ac
ortor, lobortis sed lectus et, volutpat aliquet velit. Etiam ac

liquaM \uctus neque aliquet Congue varius, Donec sit

"
